,ood,m_n,avg_error,std_error,summary,config,name
0,15,0,0.1396,0.0214,"{'_step': 1010, 'std_err': 0.0214, 'train_acc': 1, 'train_loss': 0.0024, '_timestamp': 1663354939.7605891, 'final_test_err': 0.1098, 'epoch': 100, '_wandb': {'runtime': 1005}, 'avg_err': 0.1396, 'run_num': 9, '_runtime': 1006.1199941635132}","{'hp': {'bs': 16, 'lr': 0.01, 'epochs': 100}, 'net': 'conv', 'tag': '14_domainbed/rotated_mnist_smallconv', 'loss': {'alpha': 0.5, 'tune_alpha': False, 'group_task_loss': False}, 'reps': 10, 'seed': 10, 'task': {'n': 10, 'm_n': 0, 'ood': [0], 'beta': 'unbiased', 'angle': 15, 'sigma': 2, 'target': 0, 'augment': False, 'dataset': 'rotated_mnist', 'task_map': [[0, 1, 2, 3, 4, 5, 6, 7, 8, 9]], 'custom_sampler': False}, 'deploy': True, 'device': 'cuda:3', 'is_multihead': False, 'eval_at_epoch': False}",37fafmlq
1,15,1,0.0965,0.0072,"{'train_acc': 1, '_step': 1010, '_wandb': {'runtime': 1024}, 'avg_err': 0.0965, 'run_num': 9, '_runtime': 1024.6646118164062, 'epoch': 100, 'std_err': 0.0072, '_timestamp': 1663354958.2131448, 'train_loss': 0.0015, 'final_test_err': 0.09109999999999996}","{'hp': {'bs': 16, 'lr': 0.01, 'epochs': 100}, 'net': 'conv', 'tag': '14_domainbed/rotated_mnist_smallconv', 'loss': {'alpha': 0.5, 'tune_alpha': False, 'group_task_loss': False}, 'reps': 10, 'seed': 10, 'task': {'n': 10, 'm_n': 1, 'ood': [0], 'beta': 'unbiased', 'angle': 15, 'sigma': 2, 'target': 0, 'augment': False, 'dataset': 'rotated_mnist', 'task_map': [[0, 1, 2, 3, 4, 5, 6, 7, 8, 9]], 'custom_sampler': False}, 'deploy': True, 'device': 'cuda:3', 'is_multihead': False, 'eval_at_epoch': False}",1cgl20fi
2,15,2,0.0812,0.0055,"{'train_acc': 1, '_step': 1010, '_wandb': {'runtime': 1072}, 'avg_err': 0.0812, '_runtime': 1073.267305850983, '_timestamp': 1663355007.1363978, 'train_loss': 0.0014, 'final_test_err': 0.0796, 'epoch': 100, 'run_num': 9, 'std_err': 0.0055}","{'hp': {'bs': 16, 'lr': 0.01, 'epochs': 100}, 'net': 'conv', 'tag': '14_domainbed/rotated_mnist_smallconv', 'loss': {'alpha': 0.5, 'tune_alpha': False, 'group_task_loss': False}, 'reps': 10, 'seed': 10, 'task': {'n': 10, 'm_n': 2, 'ood': [0], 'beta': 'unbiased', 'angle': 15, 'sigma': 2, 'target': 0, 'augment': False, 'dataset': 'rotated_mnist', 'task_map': [[0, 1, 2, 3, 4, 5, 6, 7, 8, 9]], 'custom_sampler': False}, 'deploy': True, 'device': 'cuda:3', 'is_multihead': False, 'eval_at_epoch': False}",1ny7qrr5
3,15,3,0.0778,0.0034,"{'avg_err': 0.0778, 'run_num': 9, 'train_acc': 1, '_timestamp': 1663355022.5629892, 'final_test_err': 0.07999999999999996, 'train_loss': 0.001, '_step': 1010, 'epoch': 100, '_wandb': {'runtime': 1088}, 'std_err': 0.0034, '_runtime': 1089.0212271213531}","{'hp': {'bs': 16, 'lr': 0.01, 'epochs': 100}, 'net': 'conv', 'tag': '14_domainbed/rotated_mnist_smallconv', 'loss': {'alpha': 0.5, 'tune_alpha': False, 'group_task_loss': False}, 'reps': 10, 'seed': 10, 'task': {'n': 10, 'm_n': 3, 'ood': [0], 'beta': 'unbiased', 'angle': 15, 'sigma': 2, 'target': 0, 'augment': False, 'dataset': 'rotated_mnist', 'task_map': [[0, 1, 2, 3, 4, 5, 6, 7, 8, 9]], 'custom_sampler': False}, 'deploy': True, 'device': 'cuda:3', 'is_multihead': False, 'eval_at_epoch': False}",veuj7dog
4,15,4,0.0725,0.006,"{'_step': 1010, '_wandb': {'runtime': 1197}, 'avg_err': 0.0725, '_runtime': 1198.1740090847015, 'epoch': 100, 'run_num': 9, 'std_err': 0.006, 'train_acc': 1, '_timestamp': 1663355131.702789, 'train_loss': 0.0009, 'final_test_err': 0.0676}","{'hp': {'bs': 16, 'lr': 0.01, 'epochs': 100}, 'net': 'conv', 'tag': '14_domainbed/rotated_mnist_smallconv', 'loss': {'alpha': 0.5, 'tune_alpha': False, 'group_task_loss': False}, 'reps': 10, 'seed': 10, 'task': {'n': 10, 'm_n': 4, 'ood': [0], 'beta': 'unbiased', 'angle': 15, 'sigma': 2, 'target': 0, 'augment': False, 'dataset': 'rotated_mnist', 'task_map': [[0, 1, 2, 3, 4, 5, 6, 7, 8, 9]], 'custom_sampler': False}, 'deploy': True, 'device': 'cuda:3', 'is_multihead': False, 'eval_at_epoch': False}",1qjy1w73
5,15,5,0.0704,0.0033,"{'train_acc': 1, '_timestamp': 1663355148.3488858, 'train_loss': 0.0009, 'final_test_err': 0.07150000000000001, '_step': 1010, 'avg_err': 0.0704, 'std_err': 0.0033, '_runtime': 1214.997820854187, 'epoch': 100, '_wandb': {'runtime': 1214}, 'run_num': 9}","{'hp': {'bs': 16, 'lr': 0.01, 'epochs': 100}, 'net': 'conv', 'tag': '14_domainbed/rotated_mnist_smallconv', 'loss': {'alpha': 0.5, 'tune_alpha': False, 'group_task_loss': False}, 'reps': 10, 'seed': 10, 'task': {'n': 10, 'm_n': 5, 'ood': [0], 'beta': 'unbiased', 'angle': 15, 'sigma': 2, 'target': 0, 'augment': False, 'dataset': 'rotated_mnist', 'task_map': [[0, 1, 2, 3, 4, 5, 6, 7, 8, 9]], 'custom_sampler': False}, 'deploy': True, 'device': 'cuda:3', 'is_multihead': False, 'eval_at_epoch': False}",36agvdz1
6,15,10,0.0615,0.0042,"{'avg_err': 0.0615, 'std_err': 0.0042, 'train_acc': 1, '_timestamp': 1663355530.181475, 'final_test_err': 0.06440000000000001, 'train_loss': 0.0005, '_step': 1010, 'epoch': 100, '_wandb': {'runtime': 1596}, 'run_num': 9, '_runtime': 1597.1126580238342}","{'hp': {'bs': 16, 'lr': 0.01, 'epochs': 100}, 'net': 'conv', 'tag': '14_domainbed/rotated_mnist_smallconv', 'loss': {'alpha': 0.5, 'tune_alpha': False, 'group_task_loss': False}, 'reps': 10, 'seed': 10, 'task': {'n': 10, 'm_n': 10, 'ood': [0], 'beta': 'unbiased', 'angle': 15, 'sigma': 2, 'target': 0, 'augment': False, 'dataset': 'rotated_mnist', 'task_map': [[0, 1, 2, 3, 4, 5, 6, 7, 8, 9]], 'custom_sampler': False}, 'deploy': True, 'device': 'cuda:3', 'is_multihead': False, 'eval_at_epoch': False}",3ndtrrc2
7,15,20,0.0541,0.0047,"{'std_err': 0.0047, '_timestamp': 1663356011.826469, 'train_loss': 0.0003, 'final_test_err': 0.05279999999999996, '_step': 1010, '_wandb': {'runtime': 2077}, 'avg_err': 0.0541, 'run_num': 9, 'epoch': 100, '_runtime': 2078.383992910385, 'train_acc': 1}","{'hp': {'bs': 16, 'lr': 0.01, 'epochs': 100}, 'net': 'conv', 'tag': '14_domainbed/rotated_mnist_smallconv', 'loss': {'alpha': 0.5, 'tune_alpha': False, 'group_task_loss': False}, 'reps': 10, 'seed': 10, 'task': {'n': 10, 'm_n': 20, 'ood': [0], 'beta': 'unbiased', 'angle': 15, 'sigma': 2, 'target': 0, 'augment': False, 'dataset': 'rotated_mnist', 'task_map': [[0, 1, 2, 3, 4, 5, 6, 7, 8, 9]], 'custom_sampler': False}, 'deploy': True, 'device': 'cuda:3', 'is_multihead': False, 'eval_at_epoch': False}",1e2tg9vz
8,30,0,0.1396,0.0214,"{'_wandb': {'runtime': 964}, '_timestamp': 1663354898.2853448, '_step': 1010, 'epoch': 100, 'avg_err': 0.1396, 'run_num': 9, 'std_err': 0.0214, '_runtime': 965.2165307998656, 'train_acc': 1, 'train_loss': 0.0024, 'final_test_err': 0.1098}","{'hp': {'bs': 16, 'lr': 0.01, 'epochs': 100}, 'net': 'conv', 'tag': '14_domainbed/rotated_mnist_smallconv', 'loss': {'alpha': 0.5, 'tune_alpha': False, 'group_task_loss': False}, 'reps': 10, 'seed': 10, 'task': {'n': 10, 'm_n': 0, 'ood': [0], 'beta': 'unbiased', 'angle': 30, 'sigma': 2, 'target': 0, 'augment': False, 'dataset': 'rotated_mnist', 'task_map': [[0, 1, 2, 3, 4, 5, 6, 7, 8, 9]], 'custom_sampler': False}, 'deploy': True, 'device': 'cuda:3', 'is_multihead': False, 'eval_at_epoch': False}",13hhhfe5
9,30,1,0.1203,0.0071,"{'_runtime': 1015.8230123519896, 'train_acc': 1, 'final_test_err': 0.10919999999999996, 'avg_err': 0.1203, 'run_num': 9, 'std_err': 0.0071, '_timestamp': 1663354948.9429033, 'train_loss': 0.0016, '_step': 1010, 'epoch': 100, '_wandb': {'runtime': 1014}}","{'hp': {'bs': 16, 'lr': 0.01, 'epochs': 100}, 'net': 'conv', 'tag': '14_domainbed/rotated_mnist_smallconv', 'loss': {'alpha': 0.5, 'tune_alpha': False, 'group_task_loss': False}, 'reps': 10, 'seed': 10, 'task': {'n': 10, 'm_n': 1, 'ood': [0], 'beta': 'unbiased', 'angle': 30, 'sigma': 2, 'target': 0, 'augment': False, 'dataset': 'rotated_mnist', 'task_map': [[0, 1, 2, 3, 4, 5, 6, 7, 8, 9]], 'custom_sampler': False}, 'deploy': True, 'device': 'cuda:3', 'is_multihead': False, 'eval_at_epoch': False}",w8ieivvt
10,30,2,0.1197,0.007,"{'_step': 1010, '_wandb': {'runtime': 1054}, '_timestamp': 1663355959.4763243, 'train_loss': 0.0015, 'train_acc': 1, 'final_test_err': 0.1231, 'epoch': 100, 'avg_err': 0.1197, 'run_num': 9, 'std_err': 0.007, '_runtime': 1055.1924262046814}","{'hp': {'bs': 16, 'lr': 0.01, 'epochs': 100}, 'net': 'conv', 'tag': '14_domainbed/rotated_mnist_smallconv', 'loss': {'alpha': 0.5, 'tune_alpha': False, 'group_task_loss': False}, 'reps': 10, 'seed': 10, 'task': {'n': 10, 'm_n': 2, 'ood': [0], 'beta': 'unbiased', 'angle': 30, 'sigma': 2, 'target': 0, 'augment': False, 'dataset': 'rotated_mnist', 'task_map': [[0, 1, 2, 3, 4, 5, 6, 7, 8, 9]], 'custom_sampler': False}, 'deploy': True, 'device': 'cuda:3', 'is_multihead': False, 'eval_at_epoch': False}",2k3cf4e8
11,30,3,0.124,0.0078,"{'train_loss': 0.001, '_step': 1010, 'std_err': 0.0078, '_runtime': 1143.376248836517, '_timestamp': 1663356088.6632178, 'train_acc': 1, 'final_test_err': 0.13570000000000004, 'epoch': 100, '_wandb': {'runtime': 1142}, 'avg_err': 0.124, 'run_num': 9}","{'hp': {'bs': 16, 'lr': 0.01, 'epochs': 100}, 'net': 'conv', 'tag': '14_domainbed/rotated_mnist_smallconv', 'loss': {'alpha': 0.5, 'tune_alpha': False, 'group_task_loss': False}, 'reps': 10, 'seed': 10, 'task': {'n': 10, 'm_n': 3, 'ood': [0], 'beta': 'unbiased', 'angle': 30, 'sigma': 2, 'target': 0, 'augment': False, 'dataset': 'rotated_mnist', 'task_map': [[0, 1, 2, 3, 4, 5, 6, 7, 8, 9]], 'custom_sampler': False}, 'deploy': True, 'device': 'cuda:3', 'is_multihead': False, 'eval_at_epoch': False}",32r64nhr
12,30,4,0.1281,0.0072,"{'_timestamp': 1663356109.345781, 'train_loss': 0.001, 'final_test_err': 0.12960000000000005, 'epoch': 100, 'std_err': 0.0072, '_runtime': 1154.474796295166, 'train_acc': 1, '_step': 1010, '_wandb': {'runtime': 1153}, 'avg_err': 0.1281, 'run_num': 9}","{'hp': {'bs': 16, 'lr': 0.01, 'epochs': 100}, 'net': 'conv', 'tag': '14_domainbed/rotated_mnist_smallconv', 'loss': {'alpha': 0.5, 'tune_alpha': False, 'group_task_loss': False}, 'reps': 10, 'seed': 10, 'task': {'n': 10, 'm_n': 4, 'ood': [0], 'beta': 'unbiased', 'angle': 30, 'sigma': 2, 'target': 0, 'augment': False, 'dataset': 'rotated_mnist', 'task_map': [[0, 1, 2, 3, 4, 5, 6, 7, 8, 9]], 'custom_sampler': False}, 'deploy': True, 'device': 'cuda:3', 'is_multihead': False, 'eval_at_epoch': False}",3a6fd1ui
13,30,5,0.1268,0.0058,"{'_step': 1010, '_wandb': {'runtime': 1209}, 'run_num': 9, 'std_err': 0.0058, '_runtime': 1210.2741816043854, 'train_acc': 1, 'epoch': 100, 'avg_err': 0.1268, '_timestamp': 1663356174.0850356, 'train_loss': 0.0009, 'final_test_err': 0.12129999999999996}","{'hp': {'bs': 16, 'lr': 0.01, 'epochs': 100}, 'net': 'conv', 'tag': '14_domainbed/rotated_mnist_smallconv', 'loss': {'alpha': 0.5, 'tune_alpha': False, 'group_task_loss': False}, 'reps': 10, 'seed': 10, 'task': {'n': 10, 'm_n': 5, 'ood': [0], 'beta': 'unbiased', 'angle': 30, 'sigma': 2, 'target': 0, 'augment': False, 'dataset': 'rotated_mnist', 'task_map': [[0, 1, 2, 3, 4, 5, 6, 7, 8, 9]], 'custom_sampler': False}, 'deploy': True, 'device': 'cuda:3', 'is_multihead': False, 'eval_at_epoch': False}",2hvgk6up
14,30,10,0.1302,0.0073,"{'_wandb': {'runtime': 1476}, 'run_num': 9, '_runtime': 1477.7556517124176, 'train_acc': 1, 'final_test_err': 0.1279, '_step': 1010, 'epoch': 100, 'avg_err': 0.1302, 'std_err': 0.0073, '_timestamp': 1663356490.9709456, 'train_loss': 0.0005}","{'hp': {'bs': 16, 'lr': 0.01, 'epochs': 100}, 'net': 'conv', 'tag': '14_domainbed/rotated_mnist_smallconv', 'loss': {'alpha': 0.5, 'tune_alpha': False, 'group_task_loss': False}, 'reps': 10, 'seed': 10, 'task': {'n': 10, 'm_n': 10, 'ood': [0], 'beta': 'unbiased', 'angle': 30, 'sigma': 2, 'target': 0, 'augment': False, 'dataset': 'rotated_mnist', 'task_map': [[0, 1, 2, 3, 4, 5, 6, 7, 8, 9]], 'custom_sampler': False}, 'deploy': True, 'device': 'cuda:3', 'is_multihead': False, 'eval_at_epoch': False}",eisja2fj
15,30,20,0.1271,0.0074,"{'_step': 1010, 'epoch': 100, 'avg_err': 0.1271, 'std_err': 0.0074, '_runtime': 1944.058510303497, 'train_acc': 1, 'train_loss': 0.0004, 'final_test_err': 0.126, '_wandb': {'runtime': 1943}, 'run_num': 9, '_timestamp': 1663356974.1896863}","{'hp': {'bs': 16, 'lr': 0.01, 'epochs': 100}, 'net': 'conv', 'tag': '14_domainbed/rotated_mnist_smallconv', 'loss': {'alpha': 0.5, 'tune_alpha': False, 'group_task_loss': False}, 'reps': 10, 'seed': 10, 'task': {'n': 10, 'm_n': 20, 'ood': [0], 'beta': 'unbiased', 'angle': 30, 'sigma': 2, 'target': 0, 'augment': False, 'dataset': 'rotated_mnist', 'task_map': [[0, 1, 2, 3, 4, 5, 6, 7, 8, 9]], 'custom_sampler': False}, 'deploy': True, 'device': 'cuda:3', 'is_multihead': False, 'eval_at_epoch': False}",17881q4b
16,32,0,0.1396,0.0214,"{'std_err': 0.0214, 'train_acc': 1, '_timestamp': 1663383117.9932892, 'final_test_err': 0.1098, 'train_loss': 0.0024, '_step': 1010, 'epoch': 100, '_wandb': {'runtime': 798}, 'avg_err': 0.1396, 'run_num': 9, '_runtime': 799.2663671970367}","{'hp': {'bs': 16, 'lr': 0.01, 'epochs': 100}, 'net': 'conv', 'tag': '14_domainbed/rotated_mnist_smallconv', 'loss': {'alpha': 0.5, 'tune_alpha': False, 'group_task_loss': False}, 'reps': 10, 'seed': 10, 'task': {'n': 10, 'm_n': 0, 'ood': [0], 'beta': 'unbiased', 'angle': 32, 'sigma': 2, 'target': 0, 'augment': False, 'dataset': 'rotated_mnist', 'task_map': [[0, 1, 2, 3, 4, 5, 6, 7, 8, 9]], 'custom_sampler': False}, 'deploy': True, 'device': 'cuda:3', 'is_multihead': False, 'eval_at_epoch': False}",2eg05ubu
17,32,1,0.1272,0.0098,"{'std_err': 0.0098, '_timestamp': 1663383157.5231235, 'train_loss': 0.0015, 'final_test_err': 0.12380000000000002, '_step': 1010, '_wandb': {'runtime': 838}, 'run_num': 9, '_runtime': 838.8301866054535, 'train_acc': 1, 'epoch': 100, 'avg_err': 0.1272}","{'hp': {'bs': 16, 'lr': 0.01, 'epochs': 100}, 'net': 'conv', 'tag': '14_domainbed/rotated_mnist_smallconv', 'loss': {'alpha': 0.5, 'tune_alpha': False, 'group_task_loss': False}, 'reps': 10, 'seed': 10, 'task': {'n': 10, 'm_n': 1, 'ood': [0], 'beta': 'unbiased', 'angle': 32, 'sigma': 2, 'target': 0, 'augment': False, 'dataset': 'rotated_mnist', 'task_map': [[0, 1, 2, 3, 4, 5, 6, 7, 8, 9]], 'custom_sampler': False}, 'deploy': True, 'device': 'cuda:3', 'is_multihead': False, 'eval_at_epoch': False}",16nxjspm
18,32,2,0.1264,0.0074,"{'avg_err': 0.1264, 'train_acc': 1, '_timestamp': 1663383211.534654, 'train_loss': 0.0015, 'std_err': 0.0074, '_runtime': 892.8378171920776, 'final_test_err': 0.1271, '_step': 1010, 'epoch': 100, '_wandb': {'runtime': 892}, 'run_num': 9}","{'hp': {'bs': 16, 'lr': 0.01, 'epochs': 100}, 'net': 'conv', 'tag': '14_domainbed/rotated_mnist_smallconv', 'loss': {'alpha': 0.5, 'tune_alpha': False, 'group_task_loss': False}, 'reps': 10, 'seed': 10, 'task': {'n': 10, 'm_n': 2, 'ood': [0], 'beta': 'unbiased', 'angle': 32, 'sigma': 2, 'target': 0, 'augment': False, 'dataset': 'rotated_mnist', 'task_map': [[0, 1, 2, 3, 4, 5, 6, 7, 8, 9]], 'custom_sampler': False}, 'deploy': True, 'device': 'cuda:3', 'is_multihead': False, 'eval_at_epoch': False}",ijwchjw5
19,32,3,0.1314,0.0084,"{'_step': 1010, 'epoch': 100, '_wandb': {'runtime': 921}, 'run_num': 9, 'std_err': 0.0084, '_runtime': 922.3181262016296, 'final_test_err': 0.14680000000000004, 'avg_err': 0.1314, 'train_acc': 1, '_timestamp': 1663383240.975484, 'train_loss': 0.0011}","{'hp': {'bs': 16, 'lr': 0.01, 'epochs': 100}, 'net': 'conv', 'tag': '14_domainbed/rotated_mnist_smallconv', 'loss': {'alpha': 0.5, 'tune_alpha': False, 'group_task_loss': False}, 'reps': 10, 'seed': 10, 'task': {'n': 10, 'm_n': 3, 'ood': [0], 'beta': 'unbiased', 'angle': 32, 'sigma': 2, 'target': 0, 'augment': False, 'dataset': 'rotated_mnist', 'task_map': [[0, 1, 2, 3, 4, 5, 6, 7, 8, 9]], 'custom_sampler': False}, 'deploy': True, 'device': 'cuda:3', 'is_multihead': False, 'eval_at_epoch': False}",1jg4rw8e
20,32,4,0.134,0.0063,"{'_step': 1010, '_runtime': 965.4668614864348, 'train_acc': 1, '_timestamp': 1663383284.2830136, 'final_test_err': 0.13349999999999995, 'epoch': 100, '_wandb': {'runtime': 965}, 'avg_err': 0.134, 'run_num': 9, 'std_err': 0.0063, 'train_loss': 0.001}","{'hp': {'bs': 16, 'lr': 0.01, 'epochs': 100}, 'net': 'conv', 'tag': '14_domainbed/rotated_mnist_smallconv', 'loss': {'alpha': 0.5, 'tune_alpha': False, 'group_task_loss': False}, 'reps': 10, 'seed': 10, 'task': {'n': 10, 'm_n': 4, 'ood': [0], 'beta': 'unbiased', 'angle': 32, 'sigma': 2, 'target': 0, 'augment': False, 'dataset': 'rotated_mnist', 'task_map': [[0, 1, 2, 3, 4, 5, 6, 7, 8, 9]], 'custom_sampler': False}, 'deploy': True, 'device': 'cuda:3', 'is_multihead': False, 'eval_at_epoch': False}",1ckmctqy
21,32,5,0.1342,0.0088,"{'_step': 1010, '_runtime': 1018.1397218704224, 'final_test_err': 0.13090000000000002, 'std_err': 0.0088, 'train_acc': 1, '_timestamp': 1663383337.1141648, 'train_loss': 0.0009, 'epoch': 100, '_wandb': {'runtime': 1017}, 'avg_err': 0.1342, 'run_num': 9}","{'hp': {'bs': 16, 'lr': 0.01, 'epochs': 100}, 'net': 'conv', 'tag': '14_domainbed/rotated_mnist_smallconv', 'loss': {'alpha': 0.5, 'tune_alpha': False, 'group_task_loss': False}, 'reps': 10, 'seed': 10, 'task': {'n': 10, 'm_n': 5, 'ood': [0], 'beta': 'unbiased', 'angle': 32, 'sigma': 2, 'target': 0, 'augment': False, 'dataset': 'rotated_mnist', 'task_map': [[0, 1, 2, 3, 4, 5, 6, 7, 8, 9]], 'custom_sampler': False}, 'deploy': True, 'device': 'cuda:3', 'is_multihead': False, 'eval_at_epoch': False}",btjt9n66
22,32,10,0.1398,0.0061,"{'train_loss': 0.0005, 'final_test_err': 0.14580000000000004, '_wandb': {'runtime': 1262}, '_runtime': 1262.9236326217651, 'train_acc': 1, 'run_num': 9, 'std_err': 0.0061, '_timestamp': 1663383581.5753996, '_step': 1010, 'epoch': 100, 'avg_err': 0.1398}","{'hp': {'bs': 16, 'lr': 0.01, 'epochs': 100}, 'net': 'conv', 'tag': '14_domainbed/rotated_mnist_smallconv', 'loss': {'alpha': 0.5, 'tune_alpha': False, 'group_task_loss': False}, 'reps': 10, 'seed': 10, 'task': {'n': 10, 'm_n': 10, 'ood': [0], 'beta': 'unbiased', 'angle': 32, 'sigma': 2, 'target': 0, 'augment': False, 'dataset': 'rotated_mnist', 'task_map': [[0, 1, 2, 3, 4, 5, 6, 7, 8, 9]], 'custom_sampler': False}, 'deploy': True, 'device': 'cuda:3', 'is_multihead': False, 'eval_at_epoch': False}",2tygk5si
23,32,20,0.1406,0.0097,"{'_timestamp': 1663384070.2064335, 'train_loss': 0.0004, 'final_test_err': 0.12980000000000003, '_step': 1010, 'epoch': 100, 'run_num': 9, 'train_acc': 1, '_wandb': {'runtime': 1751}, 'avg_err': 0.1406, 'std_err': 0.0097, '_runtime': 1751.553698539734}","{'hp': {'bs': 16, 'lr': 0.01, 'epochs': 100}, 'net': 'conv', 'tag': '14_domainbed/rotated_mnist_smallconv', 'loss': {'alpha': 0.5, 'tune_alpha': False, 'group_task_loss': False}, 'reps': 10, 'seed': 10, 'task': {'n': 10, 'm_n': 20, 'ood': [0], 'beta': 'unbiased', 'angle': 32, 'sigma': 2, 'target': 0, 'augment': False, 'dataset': 'rotated_mnist', 'task_map': [[0, 1, 2, 3, 4, 5, 6, 7, 8, 9]], 'custom_sampler': False}, 'deploy': True, 'device': 'cuda:3', 'is_multihead': False, 'eval_at_epoch': False}",26o93ytm
24,35,0,0.1396,0.0214,"{'_runtime': 796.9582431316376, '_timestamp': 1663383115.6718602, 'final_test_err': 0.1098, 'avg_err': 0.1396, 'run_num': 9, 'std_err': 0.0214, 'train_acc': 1, 'train_loss': 0.0024, '_step': 1010, 'epoch': 100, '_wandb': {'runtime': 796}}","{'hp': {'bs': 16, 'lr': 0.01, 'epochs': 100}, 'net': 'conv', 'tag': '14_domainbed/rotated_mnist_smallconv', 'loss': {'alpha': 0.5, 'tune_alpha': False, 'group_task_loss': False}, 'reps': 10, 'seed': 10, 'task': {'n': 10, 'm_n': 0, 'ood': [0], 'beta': 'unbiased', 'angle': 35, 'sigma': 2, 'target': 0, 'augment': False, 'dataset': 'rotated_mnist', 'task_map': [[0, 1, 2, 3, 4, 5, 6, 7, 8, 9]], 'custom_sampler': False}, 'deploy': True, 'device': 'cuda:3', 'is_multihead': False, 'eval_at_epoch': False}",12e9ullz
25,35,1,0.1335,0.0129,"{'_step': 1010, 'epoch': 100, 'std_err': 0.0129, 'train_acc': 1, '_timestamp': 1663383141.937144, 'train_loss': 0.0016, 'final_test_err': 0.1249, '_wandb': {'runtime': 822}, 'avg_err': 0.1335, 'run_num': 9, '_runtime': 823.1386680603027}","{'hp': {'bs': 16, 'lr': 0.01, 'epochs': 100}, 'net': 'conv', 'tag': '14_domainbed/rotated_mnist_smallconv', 'loss': {'alpha': 0.5, 'tune_alpha': False, 'group_task_loss': False}, 'reps': 10, 'seed': 10, 'task': {'n': 10, 'm_n': 1, 'ood': [0], 'beta': 'unbiased', 'angle': 35, 'sigma': 2, 'target': 0, 'augment': False, 'dataset': 'rotated_mnist', 'task_map': [[0, 1, 2, 3, 4, 5, 6, 7, 8, 9]], 'custom_sampler': False}, 'deploy': True, 'device': 'cuda:3', 'is_multihead': False, 'eval_at_epoch': False}",26qlcdg8
26,35,2,0.1336,0.0072,"{'_step': 1010, 'epoch': 100, 'train_acc': 1, '_timestamp': 1663384019.5161662, '_wandb': {'runtime': 897}, 'avg_err': 0.1336, 'run_num': 9, 'std_err': 0.0072, '_runtime': 898.3712651729584, 'train_loss': 0.0016, 'final_test_err': 0.1382}","{'hp': {'bs': 16, 'lr': 0.01, 'epochs': 100}, 'net': 'conv', 'tag': '14_domainbed/rotated_mnist_smallconv', 'loss': {'alpha': 0.5, 'tune_alpha': False, 'group_task_loss': False}, 'reps': 10, 'seed': 10, 'task': {'n': 10, 'm_n': 2, 'ood': [0], 'beta': 'unbiased', 'angle': 35, 'sigma': 2, 'target': 0, 'augment': False, 'dataset': 'rotated_mnist', 'task_map': [[0, 1, 2, 3, 4, 5, 6, 7, 8, 9]], 'custom_sampler': False}, 'deploy': True, 'device': 'cuda:3', 'is_multihead': False, 'eval_at_epoch': False}",1ifbva6m
27,35,3,0.1434,0.01,"{'_wandb': {'runtime': 937}, 'avg_err': 0.1434, 'run_num': 9, 'std_err': 0.01, '_runtime': 937.8484454154968, 'train_acc': 1, '_timestamp': 1663384063.2338564, 'final_test_err': 0.1512, '_step': 1010, 'epoch': 100, 'train_loss': 0.0011}","{'hp': {'bs': 16, 'lr': 0.01, 'epochs': 100}, 'net': 'conv', 'tag': '14_domainbed/rotated_mnist_smallconv', 'loss': {'alpha': 0.5, 'tune_alpha': False, 'group_task_loss': False}, 'reps': 10, 'seed': 10, 'task': {'n': 10, 'm_n': 3, 'ood': [0], 'beta': 'unbiased', 'angle': 35, 'sigma': 2, 'target': 0, 'augment': False, 'dataset': 'rotated_mnist', 'task_map': [[0, 1, 2, 3, 4, 5, 6, 7, 8, 9]], 'custom_sampler': False}, 'deploy': True, 'device': 'cuda:3', 'is_multihead': False, 'eval_at_epoch': False}",xdqaw7xj
28,35,4,0.1442,0.0068,"{'final_test_err': 0.14229999999999998, '_wandb': {'runtime': 966}, 'run_num': 9, 'std_err': 0.0068, '_runtime': 967.5313613414764, 'train_acc': 1, '_step': 1010, 'epoch': 100, 'avg_err': 0.1442, '_timestamp': 1663384115.1862254, 'train_loss': 0.001}","{'hp': {'bs': 16, 'lr': 0.01, 'epochs': 100}, 'net': 'conv', 'tag': '14_domainbed/rotated_mnist_smallconv', 'loss': {'alpha': 0.5, 'tune_alpha': False, 'group_task_loss': False}, 'reps': 10, 'seed': 10, 'task': {'n': 10, 'm_n': 4, 'ood': [0], 'beta': 'unbiased', 'angle': 35, 'sigma': 2, 'target': 0, 'augment': False, 'dataset': 'rotated_mnist', 'task_map': [[0, 1, 2, 3, 4, 5, 6, 7, 8, 9]], 'custom_sampler': False}, 'deploy': True, 'device': 'cuda:3', 'is_multihead': False, 'eval_at_epoch': False}",34xua2ua
29,35,5,0.1423,0.0066,"{'_wandb': {'runtime': 1040}, 'avg_err': 0.1423, 'run_num': 9, 'train_acc': 1, 'train_loss': 0.0009, 'final_test_err': 0.1401, '_step': 1010, 'epoch': 100, 'std_err': 0.0066, '_runtime': 1040.8614149093628, '_timestamp': 1663384203.459257}","{'hp': {'bs': 16, 'lr': 0.01, 'epochs': 100}, 'net': 'conv', 'tag': '14_domainbed/rotated_mnist_smallconv', 'loss': {'alpha': 0.5, 'tune_alpha': False, 'group_task_loss': False}, 'reps': 10, 'seed': 10, 'task': {'n': 10, 'm_n': 5, 'ood': [0], 'beta': 'unbiased', 'angle': 35, 'sigma': 2, 'target': 0, 'augment': False, 'dataset': 'rotated_mnist', 'task_map': [[0, 1, 2, 3, 4, 5, 6, 7, 8, 9]], 'custom_sampler': False}, 'deploy': True, 'device': 'cuda:3', 'is_multihead': False, 'eval_at_epoch': False}",vriq8x4t
30,35,10,0.1546,0.0063,"{'_step': 1010, 'epoch': 100, 'run_num': 9, 'std_err': 0.0063, '_timestamp': 1663384531.2048686, 'train_loss': 0.0005, '_wandb': {'runtime': 1314}, 'avg_err': 0.1546, '_runtime': 1315.3711545467377, 'train_acc': 1, 'final_test_err': 0.15780000000000005}","{'hp': {'bs': 16, 'lr': 0.01, 'epochs': 100}, 'net': 'conv', 'tag': '14_domainbed/rotated_mnist_smallconv', 'loss': {'alpha': 0.5, 'tune_alpha': False, 'group_task_loss': False}, 'reps': 10, 'seed': 10, 'task': {'n': 10, 'm_n': 10, 'ood': [0], 'beta': 'unbiased', 'angle': 35, 'sigma': 2, 'target': 0, 'augment': False, 'dataset': 'rotated_mnist', 'task_map': [[0, 1, 2, 3, 4, 5, 6, 7, 8, 9]], 'custom_sampler': False}, 'deploy': True, 'device': 'cuda:3', 'is_multihead': False, 'eval_at_epoch': False}",1bwrssz6
31,35,20,0.1631,0.0119,"{'_wandb': {'runtime': 1763}, 'avg_err': 0.1631, 'train_acc': 1, 'train_loss': 0.0003, '_step': 1010, 'epoch': 100, '_runtime': 1764.6977090835571, '_timestamp': 1663385011.179733, 'final_test_err': 0.1643, 'run_num': 9, 'std_err': 0.0119}","{'hp': {'bs': 16, 'lr': 0.01, 'epochs': 100}, 'net': 'conv', 'tag': '14_domainbed/rotated_mnist_smallconv', 'loss': {'alpha': 0.5, 'tune_alpha': False, 'group_task_loss': False}, 'reps': 10, 'seed': 10, 'task': {'n': 10, 'm_n': 20, 'ood': [0], 'beta': 'unbiased', 'angle': 35, 'sigma': 2, 'target': 0, 'augment': False, 'dataset': 'rotated_mnist', 'task_map': [[0, 1, 2, 3, 4, 5, 6, 7, 8, 9]], 'custom_sampler': False}, 'deploy': True, 'device': 'cuda:3', 'is_multihead': False, 'eval_at_epoch': False}",3dfpeedz
32,38,0,0.1396,0.0214,"{'std_err': 0.0214, '_timestamp': 1663384092.5381272, 'final_test_err': 0.1098, '_wandb': {'runtime': 801}, 'epoch': 100, 'avg_err': 0.1396, 'run_num': 9, '_runtime': 801.7953131198883, 'train_acc': 1, 'train_loss': 0.0024, '_step': 1010}","{'hp': {'bs': 16, 'lr': 0.01, 'epochs': 100}, 'net': 'conv', 'tag': '14_domainbed/rotated_mnist_smallconv', 'loss': {'alpha': 0.5, 'tune_alpha': False, 'group_task_loss': False}, 'reps': 10, 'seed': 10, 'task': {'n': 10, 'm_n': 0, 'ood': [0], 'beta': 'unbiased', 'angle': 38, 'sigma': 2, 'target': 0, 'augment': False, 'dataset': 'rotated_mnist', 'task_map': [[0, 1, 2, 3, 4, 5, 6, 7, 8, 9]], 'custom_sampler': False}, 'deploy': True, 'device': 'cuda:3', 'is_multihead': False, 'eval_at_epoch': False}",2a94whuw
33,38,1,0.1381,0.0074,"{'_step': 1010, 'epoch': 100, '_wandb': {'runtime': 855}, 'avg_err': 0.1381, 'std_err': 0.0074, '_timestamp': 1663384198.25156, 'final_test_err': 0.13119999999999998, 'run_num': 9, '_runtime': 856.5824210643768, 'train_acc': 1, 'train_loss': 0.0016}","{'hp': {'bs': 16, 'lr': 0.01, 'epochs': 100}, 'net': 'conv', 'tag': '14_domainbed/rotated_mnist_smallconv', 'loss': {'alpha': 0.5, 'tune_alpha': False, 'group_task_loss': False}, 'reps': 10, 'seed': 10, 'task': {'n': 10, 'm_n': 1, 'ood': [0], 'beta': 'unbiased', 'angle': 38, 'sigma': 2, 'target': 0, 'augment': False, 'dataset': 'rotated_mnist', 'task_map': [[0, 1, 2, 3, 4, 5, 6, 7, 8, 9]], 'custom_sampler': False}, 'deploy': True, 'device': 'cuda:3', 'is_multihead': False, 'eval_at_epoch': False}",1z0zt7tl
34,38,2,0.1413,0.0093,"{'epoch': 100, 'run_num': 9, 'std_err': 0.0093, '_runtime': 882.4345936775208, 'train_acc': 1, '_timestamp': 1663384469.1925306, 'train_loss': 0.0016, '_step': 1010, '_wandb': {'runtime': 881}, 'avg_err': 0.1413, 'final_test_err': 0.14170000000000005}","{'hp': {'bs': 16, 'lr': 0.01, 'epochs': 100}, 'net': 'conv', 'tag': '14_domainbed/rotated_mnist_smallconv', 'loss': {'alpha': 0.5, 'tune_alpha': False, 'group_task_loss': False}, 'reps': 10, 'seed': 10, 'task': {'n': 10, 'm_n': 2, 'ood': [0], 'beta': 'unbiased', 'angle': 38, 'sigma': 2, 'target': 0, 'augment': False, 'dataset': 'rotated_mnist', 'task_map': [[0, 1, 2, 3, 4, 5, 6, 7, 8, 9]], 'custom_sampler': False}, 'deploy': True, 'device': 'cuda:3', 'is_multihead': False, 'eval_at_epoch': False}",1d29f4r6
35,38,3,0.1561,0.0123,"{'epoch': 100, '_wandb': {'runtime': 935}, '_timestamp': 1663384961.3786917, 'train_loss': 0.001, '_step': 1010, 'avg_err': 0.1561, 'run_num': 9, 'std_err': 0.0123, '_runtime': 936.27969455719, 'train_acc': 1, 'final_test_err': 0.1683}","{'hp': {'bs': 16, 'lr': 0.01, 'epochs': 100}, 'net': 'conv', 'tag': '14_domainbed/rotated_mnist_smallconv', 'loss': {'alpha': 0.5, 'tune_alpha': False, 'group_task_loss': False}, 'reps': 10, 'seed': 10, 'task': {'n': 10, 'm_n': 3, 'ood': [0], 'beta': 'unbiased', 'angle': 38, 'sigma': 2, 'target': 0, 'augment': False, 'dataset': 'rotated_mnist', 'task_map': [[0, 1, 2, 3, 4, 5, 6, 7, 8, 9]], 'custom_sampler': False}, 'deploy': True, 'device': 'cuda:3', 'is_multihead': False, 'eval_at_epoch': False}",wqxrrmah
36,38,4,0.1609,0.0124,"{'epoch': 100, 'avg_err': 0.1609, 'run_num': 9, 'std_err': 0.0124, '_runtime': 983.1306426525116, 'train_loss': 0.001, 'final_test_err': 0.15639999999999998, '_step': 1010, '_wandb': {'runtime': 982}, 'train_acc': 1, '_timestamp': 1663385049.5649586}","{'hp': {'bs': 16, 'lr': 0.01, 'epochs': 100}, 'net': 'conv', 'tag': '14_domainbed/rotated_mnist_smallconv', 'loss': {'alpha': 0.5, 'tune_alpha': False, 'group_task_loss': False}, 'reps': 10, 'seed': 10, 'task': {'n': 10, 'm_n': 4, 'ood': [0], 'beta': 'unbiased', 'angle': 38, 'sigma': 2, 'target': 0, 'augment': False, 'dataset': 'rotated_mnist', 'task_map': [[0, 1, 2, 3, 4, 5, 6, 7, 8, 9]], 'custom_sampler': False}, 'deploy': True, 'device': 'cuda:3', 'is_multihead': False, 'eval_at_epoch': False}",1ylb2fq0
37,38,5,0.1586,0.0068,"{'_wandb': {'runtime': 1006}, 'avg_err': 0.1586, 'std_err': 0.0068, 'final_test_err': 0.15510000000000002, '_step': 1010, 'epoch': 100, 'run_num': 9, '_runtime': 1007.767103433609, 'train_acc': 1, '_timestamp': 1663385083.9218946, 'train_loss': 0.0009}","{'hp': {'bs': 16, 'lr': 0.01, 'epochs': 100}, 'net': 'conv', 'tag': '14_domainbed/rotated_mnist_smallconv', 'loss': {'alpha': 0.5, 'tune_alpha': False, 'group_task_loss': False}, 'reps': 10, 'seed': 10, 'task': {'n': 10, 'm_n': 5, 'ood': [0], 'beta': 'unbiased', 'angle': 38, 'sigma': 2, 'target': 0, 'augment': False, 'dataset': 'rotated_mnist', 'task_map': [[0, 1, 2, 3, 4, 5, 6, 7, 8, 9]], 'custom_sampler': False}, 'deploy': True, 'device': 'cuda:3', 'is_multihead': False, 'eval_at_epoch': False}",366zsk0w
38,38,10,0.1719,0.0086,"{'train_acc': 1, 'final_test_err': 0.17259999999999998, 'epoch': 100, '_wandb': {'runtime': 1325}, 'std_err': 0.0086, '_runtime': 1326.7253623008728, 'train_loss': 0.0006, '_step': 1010, 'avg_err': 0.1719, 'run_num': 9, '_timestamp': 1663385424.6704242}","{'hp': {'bs': 16, 'lr': 0.01, 'epochs': 100}, 'net': 'conv', 'tag': '14_domainbed/rotated_mnist_smallconv', 'loss': {'alpha': 0.5, 'tune_alpha': False, 'group_task_loss': False}, 'reps': 10, 'seed': 10, 'task': {'n': 10, 'm_n': 10, 'ood': [0], 'beta': 'unbiased', 'angle': 38, 'sigma': 2, 'target': 0, 'augment': False, 'dataset': 'rotated_mnist', 'task_map': [[0, 1, 2, 3, 4, 5, 6, 7, 8, 9]], 'custom_sampler': False}, 'deploy': True, 'device': 'cuda:3', 'is_multihead': False, 'eval_at_epoch': False}",37moszr9
39,38,20,0.1792,0.0088,"{'train_acc': 1, 'final_test_err': 0.18579999999999997, 'std_err': 0.0088, '_runtime': 1781.7429552078247, '_timestamp': 1663385900.4653711, '_step': 1010, 'epoch': 100, '_wandb': {'runtime': 1780}, 'avg_err': 0.1792, 'run_num': 9, 'train_loss': 0.0004}","{'hp': {'bs': 16, 'lr': 0.01, 'epochs': 100}, 'net': 'conv', 'tag': '14_domainbed/rotated_mnist_smallconv', 'loss': {'alpha': 0.5, 'tune_alpha': False, 'group_task_loss': False}, 'reps': 10, 'seed': 10, 'task': {'n': 10, 'm_n': 20, 'ood': [0], 'beta': 'unbiased', 'angle': 38, 'sigma': 2, 'target': 0, 'augment': False, 'dataset': 'rotated_mnist', 'task_map': [[0, 1, 2, 3, 4, 5, 6, 7, 8, 9]], 'custom_sampler': False}, 'deploy': True, 'device': 'cuda:3', 'is_multihead': False, 'eval_at_epoch': False}",1fxvj9tc
40,40,0,0.1396,0.0214,"{'_timestamp': 1663385010.253088, 'final_test_err': 0.1098, '_step': 1010, '_wandb': {'runtime': 806}, '_runtime': 807.3068549633026, 'std_err': 0.0214, 'train_acc': 1, 'train_loss': 0.0024, 'epoch': 100, 'avg_err': 0.1396, 'run_num': 9}","{'hp': {'bs': 16, 'lr': 0.01, 'epochs': 100}, 'net': 'conv', 'tag': '14_domainbed/rotated_mnist_smallconv', 'loss': {'alpha': 0.5, 'tune_alpha': False, 'group_task_loss': False}, 'reps': 10, 'seed': 10, 'task': {'n': 10, 'm_n': 0, 'ood': [0], 'beta': 'unbiased', 'angle': 40, 'sigma': 2, 'target': 0, 'augment': False, 'dataset': 'rotated_mnist', 'task_map': [[0, 1, 2, 3, 4, 5, 6, 7, 8, 9]], 'custom_sampler': False}, 'deploy': True, 'device': 'cuda:3', 'is_multihead': False, 'eval_at_epoch': False}",3at9uxlm
41,40,1,0.1446,0.0097,"{'_step': 1010, '_wandb': {'runtime': 838}, 'avg_err': 0.1446, 'run_num': 9, '_runtime': 839.8982615470886, '_timestamp': 1663385047.6743696, 'train_loss': 0.0016, 'epoch': 100, 'std_err': 0.0097, 'train_acc': 1, 'final_test_err': 0.13180000000000003}","{'hp': {'bs': 16, 'lr': 0.01, 'epochs': 100}, 'net': 'conv', 'tag': '14_domainbed/rotated_mnist_smallconv', 'loss': {'alpha': 0.5, 'tune_alpha': False, 'group_task_loss': False}, 'reps': 10, 'seed': 10, 'task': {'n': 10, 'm_n': 1, 'ood': [0], 'beta': 'unbiased', 'angle': 40, 'sigma': 2, 'target': 0, 'augment': False, 'dataset': 'rotated_mnist', 'task_map': [[0, 1, 2, 3, 4, 5, 6, 7, 8, 9]], 'custom_sampler': False}, 'deploy': True, 'device': 'cuda:3', 'is_multihead': False, 'eval_at_epoch': False}",194xzens
42,40,2,0.1499,0.0093,"{'run_num': 9, '_runtime': 888.6387689113617, '_timestamp': 1663385362.46489, 'final_test_err': 0.1492, 'epoch': 100, 'avg_err': 0.1499, 'std_err': 0.0093, 'train_acc': 1, 'train_loss': 0.0015, '_step': 1010, '_wandb': {'runtime': 887}}","{'hp': {'bs': 16, 'lr': 0.01, 'epochs': 100}, 'net': 'conv', 'tag': '14_domainbed/rotated_mnist_smallconv', 'loss': {'alpha': 0.5, 'tune_alpha': False, 'group_task_loss': False}, 'reps': 10, 'seed': 10, 'task': {'n': 10, 'm_n': 2, 'ood': [0], 'beta': 'unbiased', 'angle': 40, 'sigma': 2, 'target': 0, 'augment': False, 'dataset': 'rotated_mnist', 'task_map': [[0, 1, 2, 3, 4, 5, 6, 7, 8, 9]], 'custom_sampler': False}, 'deploy': True, 'device': 'cuda:3', 'is_multihead': False, 'eval_at_epoch': False}",oiz97wwe
43,40,3,0.1613,0.0109,"{'_runtime': 940.9094376564026, 'train_acc': 1, 'train_loss': 0.001, 'epoch': 100, 'avg_err': 0.1613, 'std_err': 0.0109, '_timestamp': 1663385477.030655, 'final_test_err': 0.17390000000000003, '_step': 1010, '_wandb': {'runtime': 939}, 'run_num': 9}","{'hp': {'bs': 16, 'lr': 0.01, 'epochs': 100}, 'net': 'conv', 'tag': '14_domainbed/rotated_mnist_smallconv', 'loss': {'alpha': 0.5, 'tune_alpha': False, 'group_task_loss': False}, 'reps': 10, 'seed': 10, 'task': {'n': 10, 'm_n': 3, 'ood': [0], 'beta': 'unbiased', 'angle': 40, 'sigma': 2, 'target': 0, 'augment': False, 'dataset': 'rotated_mnist', 'task_map': [[0, 1, 2, 3, 4, 5, 6, 7, 8, 9]], 'custom_sampler': False}, 'deploy': True, 'device': 'cuda:3', 'is_multihead': False, 'eval_at_epoch': False}",3n2ao9wd
44,40,4,0.1627,0.0125,"{'epoch': 100, '_wandb': {'runtime': 978}, '_runtime': 980.0522577762604, '_timestamp': 1663385945.3500068, 'train_loss': 0.001, 'final_test_err': 0.1594, '_step': 1010, 'avg_err': 0.1627, 'run_num': 9, 'std_err': 0.0125, 'train_acc': 1}","{'hp': {'bs': 16, 'lr': 0.01, 'epochs': 100}, 'net': 'conv', 'tag': '14_domainbed/rotated_mnist_smallconv', 'loss': {'alpha': 0.5, 'tune_alpha': False, 'group_task_loss': False}, 'reps': 10, 'seed': 10, 'task': {'n': 10, 'm_n': 4, 'ood': [0], 'beta': 'unbiased', 'angle': 40, 'sigma': 2, 'target': 0, 'augment': False, 'dataset': 'rotated_mnist', 'task_map': [[0, 1, 2, 3, 4, 5, 6, 7, 8, 9]], 'custom_sampler': False}, 'deploy': True, 'device': 'cuda:3', 'is_multihead': False, 'eval_at_epoch': False}",1xizu4ob
45,40,5,0.1679,0.009,"{'final_test_err': 0.16349999999999998, '_step': 1010, 'epoch': 100, 'run_num': 9, '_runtime': 1052.1867854595184, '_timestamp': 1663386066.2748976, '_wandb': {'runtime': 1051}, 'avg_err': 0.1679, 'std_err': 0.009, 'train_acc': 1, 'train_loss': 0.0009}","{'hp': {'bs': 16, 'lr': 0.01, 'epochs': 100}, 'net': 'conv', 'tag': '14_domainbed/rotated_mnist_smallconv', 'loss': {'alpha': 0.5, 'tune_alpha': False, 'group_task_loss': False}, 'reps': 10, 'seed': 10, 'task': {'n': 10, 'm_n': 5, 'ood': [0], 'beta': 'unbiased', 'angle': 40, 'sigma': 2, 'target': 0, 'augment': False, 'dataset': 'rotated_mnist', 'task_map': [[0, 1, 2, 3, 4, 5, 6, 7, 8, 9]], 'custom_sampler': False}, 'deploy': True, 'device': 'cuda:3', 'is_multihead': False, 'eval_at_epoch': False}",2nxbgio0
46,40,10,0.1792,0.011,"{'train_acc': 1, '_timestamp': 1663386270.4379425, 'train_loss': 0.0005, 'final_test_err': 0.19379999999999997, '_step': 1010, 'avg_err': 0.1792, 'run_num': 9, 'std_err': 0.011, 'epoch': 100, '_wandb': {'runtime': 1253}, '_runtime': 1254.3786923885343}","{'hp': {'bs': 16, 'lr': 0.01, 'epochs': 100}, 'net': 'conv', 'tag': '14_domainbed/rotated_mnist_smallconv', 'loss': {'alpha': 0.5, 'tune_alpha': False, 'group_task_loss': False}, 'reps': 10, 'seed': 10, 'task': {'n': 10, 'm_n': 10, 'ood': [0], 'beta': 'unbiased', 'angle': 40, 'sigma': 2, 'target': 0, 'augment': False, 'dataset': 'rotated_mnist', 'task_map': [[0, 1, 2, 3, 4, 5, 6, 7, 8, 9]], 'custom_sampler': False}, 'deploy': True, 'device': 'cuda:3', 'is_multihead': False, 'eval_at_epoch': False}",2f3o9r4o
47,40,20,0.192,0.0089,"{'run_num': 9, 'std_err': 0.0089, 'train_acc': 1, 'final_test_err': 0.2026, '_step': 1010, 'epoch': 100, '_wandb': {'runtime': 1681}, 'avg_err': 0.192, '_runtime': 1681.9898047447205, '_timestamp': 1663386735.0487568, 'train_loss': 0.0004}","{'hp': {'bs': 16, 'lr': 0.01, 'epochs': 100}, 'net': 'conv', 'tag': '14_domainbed/rotated_mnist_smallconv', 'loss': {'alpha': 0.5, 'tune_alpha': False, 'group_task_loss': False}, 'reps': 10, 'seed': 10, 'task': {'n': 10, 'm_n': 20, 'ood': [0], 'beta': 'unbiased', 'angle': 40, 'sigma': 2, 'target': 0, 'augment': False, 'dataset': 'rotated_mnist', 'task_map': [[0, 1, 2, 3, 4, 5, 6, 7, 8, 9]], 'custom_sampler': False}, 'deploy': True, 'device': 'cuda:3', 'is_multihead': False, 'eval_at_epoch': False}",rxfjvs9t
48,42,0,0.1396,0.0214,"{'_step': 1010, 'avg_err': 0.1396, 'run_num': 9, 'train_acc': 1, '_timestamp': 1663385842.96138, 'train_loss': 0.0024, 'epoch': 100, '_wandb': {'runtime': 788}, 'std_err': 0.0214, '_runtime': 789.1885859966278, 'final_test_err': 0.1098}","{'hp': {'bs': 16, 'lr': 0.01, 'epochs': 100}, 'net': 'conv', 'tag': '14_domainbed/rotated_mnist_smallconv', 'loss': {'alpha': 0.5, 'tune_alpha': False, 'group_task_loss': False}, 'reps': 10, 'seed': 10, 'task': {'n': 10, 'm_n': 0, 'ood': [0], 'beta': 'unbiased', 'angle': 42, 'sigma': 2, 'target': 0, 'augment': False, 'dataset': 'rotated_mnist', 'task_map': [[0, 1, 2, 3, 4, 5, 6, 7, 8, 9]], 'custom_sampler': False}, 'deploy': True, 'device': 'cuda:3', 'is_multihead': False, 'eval_at_epoch': False}",2wsx14sq
49,42,1,0.1468,0.0097,"{'_timestamp': 1663385918.6562011, 'epoch': 100, '_wandb': {'runtime': 830}, 'avg_err': 0.1468, 'run_num': 9, 'train_acc': 1, '_step': 1010, 'std_err': 0.0097, '_runtime': 831.2446842193604, 'train_loss': 0.0016, 'final_test_err': 0.13660000000000003}","{'hp': {'bs': 16, 'lr': 0.01, 'epochs': 100}, 'net': 'conv', 'tag': '14_domainbed/rotated_mnist_smallconv', 'loss': {'alpha': 0.5, 'tune_alpha': False, 'group_task_loss': False}, 'reps': 10, 'seed': 10, 'task': {'n': 10, 'm_n': 1, 'ood': [0], 'beta': 'unbiased', 'angle': 42, 'sigma': 2, 'target': 0, 'augment': False, 'dataset': 'rotated_mnist', 'task_map': [[0, 1, 2, 3, 4, 5, 6, 7, 8, 9]], 'custom_sampler': False}, 'deploy': True, 'device': 'cuda:3', 'is_multihead': False, 'eval_at_epoch': False}",2xxl050t
50,42,2,0.1571,0.0106,"{'_step': 1010, 'epoch': 100, 'avg_err': 0.1571, 'run_num': 9, '_runtime': 888.7428367137909, 'train_loss': 0.0017, '_wandb': {'runtime': 887}, 'std_err': 0.0106, 'train_acc': 1, '_timestamp': 1663386256.8476896, 'final_test_err': 0.16790000000000005}","{'hp': {'bs': 16, 'lr': 0.01, 'epochs': 100}, 'net': 'conv', 'tag': '14_domainbed/rotated_mnist_smallconv', 'loss': {'alpha': 0.5, 'tune_alpha': False, 'group_task_loss': False}, 'reps': 10, 'seed': 10, 'task': {'n': 10, 'm_n': 2, 'ood': [0], 'beta': 'unbiased', 'angle': 42, 'sigma': 2, 'target': 0, 'augment': False, 'dataset': 'rotated_mnist', 'task_map': [[0, 1, 2, 3, 4, 5, 6, 7, 8, 9]], 'custom_sampler': False}, 'deploy': True, 'device': 'cuda:3', 'is_multihead': False, 'eval_at_epoch': False}",1bi6aq4y
51,42,3,0.1686,0.012,"{'train_acc': 1, '_timestamp': 1663386368.7667005, 'train_loss': 0.0011, 'std_err': 0.012, 'epoch': 100, '_wandb': {'runtime': 939}, 'avg_err': 0.1686, 'run_num': 9, '_runtime': 940.2712273597716, 'final_test_err': 0.16790000000000005, '_step': 1010}","{'hp': {'bs': 16, 'lr': 0.01, 'epochs': 100}, 'net': 'conv', 'tag': '14_domainbed/rotated_mnist_smallconv', 'loss': {'alpha': 0.5, 'tune_alpha': False, 'group_task_loss': False}, 'reps': 10, 'seed': 10, 'task': {'n': 10, 'm_n': 3, 'ood': [0], 'beta': 'unbiased', 'angle': 42, 'sigma': 2, 'target': 0, 'augment': False, 'dataset': 'rotated_mnist', 'task_map': [[0, 1, 2, 3, 4, 5, 6, 7, 8, 9]], 'custom_sampler': False}, 'deploy': True, 'device': 'cuda:3', 'is_multihead': False, 'eval_at_epoch': False}",3sbdqvha
52,42,4,0.1714,0.0112,"{'_step': 1010, 'epoch': 100, 'run_num': 9, '_timestamp': 1663386427.3649683, 'train_loss': 0.0009, 'final_test_err': 0.17269999999999996, '_wandb': {'runtime': 943}, 'avg_err': 0.1714, 'std_err': 0.0112, '_runtime': 944.9221096038818, 'train_acc': 1}","{'hp': {'bs': 16, 'lr': 0.01, 'epochs': 100}, 'net': 'conv', 'tag': '14_domainbed/rotated_mnist_smallconv', 'loss': {'alpha': 0.5, 'tune_alpha': False, 'group_task_loss': False}, 'reps': 10, 'seed': 10, 'task': {'n': 10, 'm_n': 4, 'ood': [0], 'beta': 'unbiased', 'angle': 42, 'sigma': 2, 'target': 0, 'augment': False, 'dataset': 'rotated_mnist', 'task_map': [[0, 1, 2, 3, 4, 5, 6, 7, 8, 9]], 'custom_sampler': False}, 'deploy': True, 'device': 'cuda:3', 'is_multihead': False, 'eval_at_epoch': False}",3bxhxf0n
53,42,5,0.1761,0.0067,"{'_step': 1010, 'run_num': 9, 'std_err': 0.0067, 'train_acc': 1, 'epoch': 100, '_wandb': {'runtime': 896}, 'avg_err': 0.1761, '_runtime': 898.0397250652313, '_timestamp': 1663386744.866097, 'train_loss': 0.0009, 'final_test_err': 0.16700000000000004}","{'hp': {'bs': 16, 'lr': 0.01, 'epochs': 100}, 'net': 'conv', 'tag': '14_domainbed/rotated_mnist_smallconv', 'loss': {'alpha': 0.5, 'tune_alpha': False, 'group_task_loss': False}, 'reps': 10, 'seed': 10, 'task': {'n': 10, 'm_n': 5, 'ood': [0], 'beta': 'unbiased', 'angle': 42, 'sigma': 2, 'target': 0, 'augment': False, 'dataset': 'rotated_mnist', 'task_map': [[0, 1, 2, 3, 4, 5, 6, 7, 8, 9]], 'custom_sampler': False}, 'deploy': True, 'device': 'cuda:3', 'is_multihead': False, 'eval_at_epoch': False}",3kpu2cq5
54,42,10,0.1897,0.0117,"{'run_num': 9, 'std_err': 0.0117, '_runtime': 1086.816475391388, 'train_acc': 1, '_timestamp': 1663386992.4566774, '_step': 1010, '_wandb': {'runtime': 1085}, 'avg_err': 0.1897, 'epoch': 100, 'train_loss': 0.0006, 'final_test_err': 0.19410000000000005}","{'hp': {'bs': 16, 'lr': 0.01, 'epochs': 100}, 'net': 'conv', 'tag': '14_domainbed/rotated_mnist_smallconv', 'loss': {'alpha': 0.5, 'tune_alpha': False, 'group_task_loss': False}, 'reps': 10, 'seed': 10, 'task': {'n': 10, 'm_n': 10, 'ood': [0], 'beta': 'unbiased', 'angle': 42, 'sigma': 2, 'target': 0, 'augment': False, 'dataset': 'rotated_mnist', 'task_map': [[0, 1, 2, 3, 4, 5, 6, 7, 8, 9]], 'custom_sampler': False}, 'deploy': True, 'device': 'cuda:3', 'is_multihead': False, 'eval_at_epoch': False}",kzcs7zpm
55,42,20,0.2018,0.0117,"{'_wandb': {'runtime': 1492}, 'avg_err': 0.2018, 'std_err': 0.0117, '_runtime': 1493.123301267624, 'train_acc': 1, '_timestamp': 1663387415.5997803, '_step': 1010, 'run_num': 9, 'train_loss': 0.0004, 'final_test_err': 0.21020000000000005, 'epoch': 100}","{'hp': {'bs': 16, 'lr': 0.01, 'epochs': 100}, 'net': 'conv', 'tag': '14_domainbed/rotated_mnist_smallconv', 'loss': {'alpha': 0.5, 'tune_alpha': False, 'group_task_loss': False}, 'reps': 10, 'seed': 10, 'task': {'n': 10, 'm_n': 20, 'ood': [0], 'beta': 'unbiased', 'angle': 42, 'sigma': 2, 'target': 0, 'augment': False, 'dataset': 'rotated_mnist', 'task_map': [[0, 1, 2, 3, 4, 5, 6, 7, 8, 9]], 'custom_sampler': False}, 'deploy': True, 'device': 'cuda:3', 'is_multihead': False, 'eval_at_epoch': False}",3qlq666i
56,45,0,0.1396,0.0214,"{'epoch': 100, 'std_err': 0.0214, '_runtime': 908.3027069568634, 'train_acc': 1, 'train_loss': 0.0024, '_step': 1010, '_wandb': {'runtime': 907}, 'avg_err': 0.1396, 'run_num': 9, '_timestamp': 1663356045.550989, 'final_test_err': 0.1098}","{'hp': {'bs': 16, 'lr': 0.01, 'epochs': 100}, 'net': 'conv', 'tag': '14_domainbed/rotated_mnist_smallconv', 'loss': {'alpha': 0.5, 'tune_alpha': False, 'group_task_loss': False}, 'reps': 10, 'seed': 10, 'task': {'n': 10, 'm_n': 0, 'ood': [0], 'beta': 'unbiased', 'angle': 45, 'sigma': 2, 'target': 0, 'augment': False, 'dataset': 'rotated_mnist', 'task_map': [[0, 1, 2, 3, 4, 5, 6, 7, 8, 9]], 'custom_sampler': False}, 'deploy': True, 'device': 'cuda:3', 'is_multihead': False, 'eval_at_epoch': False}",2pyvwvon
57,45,1,0.1527,0.0121,"{'std_err': 0.0121, 'train_acc': 1, '_timestamp': 1663356094.6707482, 'train_loss': 0.0016, 'avg_err': 0.1527, 'epoch': 100, '_wandb': {'runtime': 939}, 'run_num': 9, '_runtime': 939.9186873435974, 'final_test_err': 0.14080000000000004, '_step': 1010}","{'hp': {'bs': 16, 'lr': 0.01, 'epochs': 100}, 'net': 'conv', 'tag': '14_domainbed/rotated_mnist_smallconv', 'loss': {'alpha': 0.5, 'tune_alpha': False, 'group_task_loss': False}, 'reps': 10, 'seed': 10, 'task': {'n': 10, 'm_n': 1, 'ood': [0], 'beta': 'unbiased', 'angle': 45, 'sigma': 2, 'target': 0, 'augment': False, 'dataset': 'rotated_mnist', 'task_map': [[0, 1, 2, 3, 4, 5, 6, 7, 8, 9]], 'custom_sampler': False}, 'deploy': True, 'device': 'cuda:3', 'is_multihead': False, 'eval_at_epoch': False}",1g1b0ai4
58,45,2,0.1647,0.0162,"{'_step': 1010, 'epoch': 100, 'run_num': 9, 'std_err': 0.0162, '_runtime': 1055.3482060432434, '_timestamp': 1663356591.130239, '_wandb': {'runtime': 1054}, 'avg_err': 0.1647, 'train_acc': 1, 'train_loss': 0.0015, 'final_test_err': 0.1683}","{'hp': {'bs': 16, 'lr': 0.01, 'epochs': 100}, 'net': 'conv', 'tag': '14_domainbed/rotated_mnist_smallconv', 'loss': {'alpha': 0.5, 'tune_alpha': False, 'group_task_loss': False}, 'reps': 10, 'seed': 10, 'task': {'n': 10, 'm_n': 2, 'ood': [0], 'beta': 'unbiased', 'angle': 45, 'sigma': 2, 'target': 0, 'augment': False, 'dataset': 'rotated_mnist', 'task_map': [[0, 1, 2, 3, 4, 5, 6, 7, 8, 9]], 'custom_sampler': False}, 'deploy': True, 'device': 'cuda:3', 'is_multihead': False, 'eval_at_epoch': False}",yl7mzc74
59,45,3,0.1784,0.0103,"{'final_test_err': 0.17720000000000002, '_step': 1010, 'epoch': 100, 'avg_err': 0.1784, '_runtime': 1039.0612375736237, '_timestamp': 1663357003.7838986, 'train_loss': 0.001, '_wandb': {'runtime': 1038}, 'run_num': 9, 'std_err': 0.0103, 'train_acc': 1}","{'hp': {'bs': 16, 'lr': 0.01, 'epochs': 100}, 'net': 'conv', 'tag': '14_domainbed/rotated_mnist_smallconv', 'loss': {'alpha': 0.5, 'tune_alpha': False, 'group_task_loss': False}, 'reps': 10, 'seed': 10, 'task': {'n': 10, 'm_n': 3, 'ood': [0], 'beta': 'unbiased', 'angle': 45, 'sigma': 2, 'target': 0, 'augment': False, 'dataset': 'rotated_mnist', 'task_map': [[0, 1, 2, 3, 4, 5, 6, 7, 8, 9]], 'custom_sampler': False}, 'deploy': True, 'device': 'cuda:3', 'is_multihead': False, 'eval_at_epoch': False}",1qzuz38c
60,45,4,0.1837,0.0131,"{'_runtime': 1032.0346355438232, 'final_test_err': 0.17859999999999998, '_step': 1010, 'avg_err': 0.1837, 'run_num': 9, 'std_err': 0.0131, 'train_loss': 0.0009, 'epoch': 100, '_wandb': {'runtime': 1031}, 'train_acc': 1, '_timestamp': 1663357050.6913743}","{'hp': {'bs': 16, 'lr': 0.01, 'epochs': 100}, 'net': 'conv', 'tag': '14_domainbed/rotated_mnist_smallconv', 'loss': {'alpha': 0.5, 'tune_alpha': False, 'group_task_loss': False}, 'reps': 10, 'seed': 10, 'task': {'n': 10, 'm_n': 4, 'ood': [0], 'beta': 'unbiased', 'angle': 45, 'sigma': 2, 'target': 0, 'augment': False, 'dataset': 'rotated_mnist', 'task_map': [[0, 1, 2, 3, 4, 5, 6, 7, 8, 9]], 'custom_sampler': False}, 'deploy': True, 'device': 'cuda:3', 'is_multihead': False, 'eval_at_epoch': False}",2blidvym
61,45,5,0.1863,0.0075,"{'avg_err': 0.1863, '_runtime': 1074.094865322113, 'train_acc': 1, 'train_loss': 0.0009, 'final_test_err': 0.1765, '_step': 1010, 'epoch': 100, '_wandb': {'runtime': 1073}, 'run_num': 9, 'std_err': 0.0075, '_timestamp': 1663357123.7174072}","{'hp': {'bs': 16, 'lr': 0.01, 'epochs': 100}, 'net': 'conv', 'tag': '14_domainbed/rotated_mnist_smallconv', 'loss': {'alpha': 0.5, 'tune_alpha': False, 'group_task_loss': False}, 'reps': 10, 'seed': 10, 'task': {'n': 10, 'm_n': 5, 'ood': [0], 'beta': 'unbiased', 'angle': 45, 'sigma': 2, 'target': 0, 'augment': False, 'dataset': 'rotated_mnist', 'task_map': [[0, 1, 2, 3, 4, 5, 6, 7, 8, 9]], 'custom_sampler': False}, 'deploy': True, 'device': 'cuda:3', 'is_multihead': False, 'eval_at_epoch': False}",21dceayv
62,45,10,0.2042,0.0087,"{'run_num': 9, 'std_err': 0.0087, '_runtime': 1387.6459889411926, 'train_acc': 1, 'train_loss': 0.0005, 'final_test_err': 0.20799999999999996, '_step': 1010, 'epoch': 100, '_wandb': {'runtime': 1386}, 'avg_err': 0.2042, '_timestamp': 1663357480.1143649}","{'hp': {'bs': 16, 'lr': 0.01, 'epochs': 100}, 'net': 'conv', 'tag': '14_domainbed/rotated_mnist_smallconv', 'loss': {'alpha': 0.5, 'tune_alpha': False, 'group_task_loss': False}, 'reps': 10, 'seed': 10, 'task': {'n': 10, 'm_n': 10, 'ood': [0], 'beta': 'unbiased', 'angle': 45, 'sigma': 2, 'target': 0, 'augment': False, 'dataset': 'rotated_mnist', 'task_map': [[0, 1, 2, 3, 4, 5, 6, 7, 8, 9]], 'custom_sampler': False}, 'deploy': True, 'device': 'cuda:3', 'is_multihead': False, 'eval_at_epoch': False}",2ifeoe4n
63,45,20,0.218,0.0136,"{'epoch': 100, 'run_num': 9, 'std_err': 0.0136, '_timestamp': 1663357868.4094524, 'train_loss': 0.0004, '_step': 1010, '_wandb': {'runtime': 1768}, 'avg_err': 0.218, '_runtime': 1769.3162355422974, 'train_acc': 1, 'final_test_err': 0.2388}","{'hp': {'bs': 16, 'lr': 0.01, 'epochs': 100}, 'net': 'conv', 'tag': '14_domainbed/rotated_mnist_smallconv', 'loss': {'alpha': 0.5, 'tune_alpha': False, 'group_task_loss': False}, 'reps': 10, 'seed': 10, 'task': {'n': 10, 'm_n': 20, 'ood': [0], 'beta': 'unbiased', 'angle': 45, 'sigma': 2, 'target': 0, 'augment': False, 'dataset': 'rotated_mnist', 'task_map': [[0, 1, 2, 3, 4, 5, 6, 7, 8, 9]], 'custom_sampler': False}, 'deploy': True, 'device': 'cuda:3', 'is_multihead': False, 'eval_at_epoch': False}",1vohl4ok
64,60,0,0.1396,0.0214,"{'epoch': 100, 'avg_err': 0.1396, 'train_acc': 1, '_timestamp': 1663356987.6582313, '_step': 1010, '_wandb': {'runtime': 872}, 'run_num': 9, 'std_err': 0.0214, '_runtime': 873.9635152816772, 'train_loss': 0.0024, 'final_test_err': 0.1098}","{'hp': {'bs': 16, 'lr': 0.01, 'epochs': 100}, 'net': 'conv', 'tag': '14_domainbed/rotated_mnist_smallconv', 'loss': {'alpha': 0.5, 'tune_alpha': False, 'group_task_loss': False}, 'reps': 10, 'seed': 10, 'task': {'n': 10, 'm_n': 0, 'ood': [0], 'beta': 'unbiased', 'angle': 60, 'sigma': 2, 'target': 0, 'augment': False, 'dataset': 'rotated_mnist', 'task_map': [[0, 1, 2, 3, 4, 5, 6, 7, 8, 9]], 'custom_sampler': False}, 'deploy': True, 'device': 'cuda:3', 'is_multihead': False, 'eval_at_epoch': False}",36brl59d
65,60,1,0.1848,0.0181,"{'_step': 1010, 'epoch': 100, 'std_err': 0.0181, '_runtime': 890.2490329742432, 'train_acc': 1, '_wandb': {'runtime': 889}, 'avg_err': 0.1848, 'run_num': 9, '_timestamp': 1663357068.72836, 'train_loss': 0.0016, 'final_test_err': 0.1775}","{'hp': {'bs': 16, 'lr': 0.01, 'epochs': 100}, 'net': 'conv', 'tag': '14_domainbed/rotated_mnist_smallconv', 'loss': {'alpha': 0.5, 'tune_alpha': False, 'group_task_loss': False}, 'reps': 10, 'seed': 10, 'task': {'n': 10, 'm_n': 1, 'ood': [0], 'beta': 'unbiased', 'angle': 60, 'sigma': 2, 'target': 0, 'augment': False, 'dataset': 'rotated_mnist', 'task_map': [[0, 1, 2, 3, 4, 5, 6, 7, 8, 9]], 'custom_sampler': False}, 'deploy': True, 'device': 'cuda:3', 'is_multihead': False, 'eval_at_epoch': False}",24v2h7jm
66,60,2,0.2109,0.0219,"{'_step': 1010, 'avg_err': 0.2109, 'run_num': 9, '_runtime': 942.0790948867798, 'train_acc': 1, '_timestamp': 1663357438.045435, 'epoch': 100, '_wandb': {'runtime': 941}, 'std_err': 0.0219, 'train_loss': 0.0016, 'final_test_err': 0.2227}","{'hp': {'bs': 16, 'lr': 0.01, 'epochs': 100}, 'net': 'conv', 'tag': '14_domainbed/rotated_mnist_smallconv', 'loss': {'alpha': 0.5, 'tune_alpha': False, 'group_task_loss': False}, 'reps': 10, 'seed': 10, 'task': {'n': 10, 'm_n': 2, 'ood': [0], 'beta': 'unbiased', 'angle': 60, 'sigma': 2, 'target': 0, 'augment': False, 'dataset': 'rotated_mnist', 'task_map': [[0, 1, 2, 3, 4, 5, 6, 7, 8, 9]], 'custom_sampler': False}, 'deploy': True, 'device': 'cuda:3', 'is_multihead': False, 'eval_at_epoch': False}",373izp6s
67,60,3,0.2218,0.02,"{'epoch': 100, '_wandb': {'runtime': 998}, 'avg_err': 0.2218, 'run_num': 9, 'std_err': 0.02, 'train_loss': 0.0011, 'final_test_err': 0.2199, '_step': 1010, '_runtime': 999.6299765110016, 'train_acc': 1, '_timestamp': 1663357595.5219414}","{'hp': {'bs': 16, 'lr': 0.01, 'epochs': 100}, 'net': 'conv', 'tag': '14_domainbed/rotated_mnist_smallconv', 'loss': {'alpha': 0.5, 'tune_alpha': False, 'group_task_loss': False}, 'reps': 10, 'seed': 10, 'task': {'n': 10, 'm_n': 3, 'ood': [0], 'beta': 'unbiased', 'angle': 60, 'sigma': 2, 'target': 0, 'augment': False, 'dataset': 'rotated_mnist', 'task_map': [[0, 1, 2, 3, 4, 5, 6, 7, 8, 9]], 'custom_sampler': False}, 'deploy': True, 'device': 'cuda:3', 'is_multihead': False, 'eval_at_epoch': False}",21mpxh31
68,60,4,0.2318,0.0226,"{'_step': 1010, 'epoch': 100, 'run_num': 9, 'train_acc': 1, 'train_loss': 0.0009, 'final_test_err': 0.22140000000000004, '_wandb': {'runtime': 921}, 'avg_err': 0.2318, 'std_err': 0.0226, '_runtime': 922.7431502342224, '_timestamp': 1663357900.9537632}","{'hp': {'bs': 16, 'lr': 0.01, 'epochs': 100}, 'net': 'conv', 'tag': '14_domainbed/rotated_mnist_smallconv', 'loss': {'alpha': 0.5, 'tune_alpha': False, 'group_task_loss': False}, 'reps': 10, 'seed': 10, 'task': {'n': 10, 'm_n': 4, 'ood': [0], 'beta': 'unbiased', 'angle': 60, 'sigma': 2, 'target': 0, 'augment': False, 'dataset': 'rotated_mnist', 'task_map': [[0, 1, 2, 3, 4, 5, 6, 7, 8, 9]], 'custom_sampler': False}, 'deploy': True, 'device': 'cuda:3', 'is_multihead': False, 'eval_at_epoch': False}",3cr59bgb
69,60,5,0.2377,0.0175,"{'final_test_err': 0.24070000000000005, '_step': 1010, 'avg_err': 0.2377, 'run_num': 9, 'std_err': 0.0175, '_timestamp': 1663357944.0235584, 'epoch': 100, '_wandb': {'runtime': 952}, '_runtime': 953.1419453620912, 'train_acc': 1, 'train_loss': 0.0009}","{'hp': {'bs': 16, 'lr': 0.01, 'epochs': 100}, 'net': 'conv', 'tag': '14_domainbed/rotated_mnist_smallconv', 'loss': {'alpha': 0.5, 'tune_alpha': False, 'group_task_loss': False}, 'reps': 10, 'seed': 10, 'task': {'n': 10, 'm_n': 5, 'ood': [0], 'beta': 'unbiased', 'angle': 60, 'sigma': 2, 'target': 0, 'augment': False, 'dataset': 'rotated_mnist', 'task_map': [[0, 1, 2, 3, 4, 5, 6, 7, 8, 9]], 'custom_sampler': False}, 'deploy': True, 'device': 'cuda:3', 'is_multihead': False, 'eval_at_epoch': False}",2ks7ca95
70,60,10,0.2613,0.0172,"{'std_err': 0.0172, 'final_test_err': 0.2489, 'run_num': 9, 'epoch': 100, '_wandb': {'runtime': 1153}, 'avg_err': 0.2613, '_runtime': 1154.1812763214111, 'train_acc': 1, '_timestamp': 1663358163.4767022, 'train_loss': 0.0005, '_step': 1010}","{'hp': {'bs': 16, 'lr': 0.01, 'epochs': 100}, 'net': 'conv', 'tag': '14_domainbed/rotated_mnist_smallconv', 'loss': {'alpha': 0.5, 'tune_alpha': False, 'group_task_loss': False}, 'reps': 10, 'seed': 10, 'task': {'n': 10, 'm_n': 10, 'ood': [0], 'beta': 'unbiased', 'angle': 60, 'sigma': 2, 'target': 0, 'augment': False, 'dataset': 'rotated_mnist', 'task_map': [[0, 1, 2, 3, 4, 5, 6, 7, 8, 9]], 'custom_sampler': False}, 'deploy': True, 'device': 'cuda:3', 'is_multihead': False, 'eval_at_epoch': False}",29swlkro
71,60,20,0.2818,0.0158,"{'epoch': 100, 'run_num': 9, 'std_err': 0.0158, '_runtime': 1523.2404198646543, 'train_acc': 1, 'final_test_err': 0.28979999999999995, '_step': 1010, '_wandb': {'runtime': 1522}, 'avg_err': 0.2818, '_timestamp': 1663358578.8049448, 'train_loss': 0.0004}","{'hp': {'bs': 16, 'lr': 0.01, 'epochs': 100}, 'net': 'conv', 'tag': '14_domainbed/rotated_mnist_smallconv', 'loss': {'alpha': 0.5, 'tune_alpha': False, 'group_task_loss': False}, 'reps': 10, 'seed': 10, 'task': {'n': 10, 'm_n': 20, 'ood': [0], 'beta': 'unbiased', 'angle': 60, 'sigma': 2, 'target': 0, 'augment': False, 'dataset': 'rotated_mnist', 'task_map': [[0, 1, 2, 3, 4, 5, 6, 7, 8, 9]], 'custom_sampler': False}, 'deploy': True, 'device': 'cuda:3', 'is_multihead': False, 'eval_at_epoch': False}",yzp2xg39
72,75,0,0.1396,0.0214,"{'std_err': 0.0214, '_runtime': 929.0841126441956, 'train_acc': 1, '_timestamp': 1663353028.2924376, 'epoch': 100, '_wandb': {'runtime': 928}, 'avg_err': 0.1396, 'run_num': 9, '_step': 1010, 'train_loss': 0.0024, 'final_test_err': 0.1098}","{'hp': {'bs': 16, 'lr': 0.01, 'epochs': 100}, 'net': 'conv', 'tag': '14_domainbed/rotated_mnist_smallconv', 'loss': {'alpha': 0.5, 'tune_alpha': False, 'group_task_loss': False}, 'reps': 10, 'seed': 10, 'task': {'n': 10, 'm_n': 0, 'ood': [0], 'beta': 'unbiased', 'angle': 75, 'sigma': 2, 'target': 0, 'augment': False, 'dataset': 'rotated_mnist', 'task_map': [[0, 1, 2, 3, 4, 5, 6, 7, 8, 9]], 'custom_sampler': False}, 'deploy': True, 'device': 'cuda:3', 'is_multihead': False, 'eval_at_epoch': False}",2kaht2mr
73,75,1,0.1961,0.0193,"{'final_test_err': 0.1836, 'avg_err': 0.1961, 'run_num': 9, 'train_acc': 1, '_timestamp': 1663353069.450252, 'train_loss': 0.0017, '_step': 1010, 'epoch': 100, '_wandb': {'runtime': 970}, 'std_err': 0.0193, '_runtime': 970.581377029419}","{'hp': {'bs': 16, 'lr': 0.01, 'epochs': 100}, 'net': 'conv', 'tag': '14_domainbed/rotated_mnist_smallconv', 'loss': {'alpha': 0.5, 'tune_alpha': False, 'group_task_loss': False}, 'reps': 10, 'seed': 10, 'task': {'n': 10, 'm_n': 1, 'ood': [0], 'beta': 'unbiased', 'angle': 75, 'sigma': 2, 'target': 0, 'augment': False, 'dataset': 'rotated_mnist', 'task_map': [[0, 1, 2, 3, 4, 5, 6, 7, 8, 9]], 'custom_sampler': False}, 'deploy': True, 'device': 'cuda:3', 'is_multihead': False, 'eval_at_epoch': False}",rj9x03jt
74,75,2,0.2309,0.0183,"{'avg_err': 0.2309, 'run_num': 9, 'std_err': 0.0183, '_runtime': 940.0675432682036, '_timestamp': 1663353038.9070542, 'train_loss': 0.0015, 'epoch': 100, '_wandb': {'runtime': 939}, 'final_test_err': 0.2278, '_step': 1010, 'train_acc': 1}","{'hp': {'bs': 16, 'lr': 0.01, 'epochs': 100}, 'net': 'conv', 'tag': '14_domainbed/rotated_mnist_smallconv', 'loss': {'alpha': 0.5, 'tune_alpha': False, 'group_task_loss': False}, 'reps': 10, 'seed': 10, 'task': {'n': 10, 'm_n': 2, 'ood': [0], 'beta': 'unbiased', 'angle': 75, 'sigma': 2, 'target': 0, 'augment': False, 'dataset': 'rotated_mnist', 'task_map': [[0, 1, 2, 3, 4, 5, 6, 7, 8, 9]], 'custom_sampler': False}, 'deploy': True, 'device': 'cuda:3', 'is_multihead': False, 'eval_at_epoch': False}",3mrki09f
75,75,3,0.2402,0.0272,"{'train_loss': 0.0011, '_step': 1010, 'epoch': 100, 'train_acc': 1, '_timestamp': 1663353103.4396272, '_runtime': 1004.1953291893004, 'final_test_err': 0.24139999999999995, '_wandb': {'runtime': 1003}, 'avg_err': 0.2402, 'run_num': 9, 'std_err': 0.0272}","{'hp': {'bs': 16, 'lr': 0.01, 'epochs': 100}, 'net': 'conv', 'tag': '14_domainbed/rotated_mnist_smallconv', 'loss': {'alpha': 0.5, 'tune_alpha': False, 'group_task_loss': False}, 'reps': 10, 'seed': 10, 'task': {'n': 10, 'm_n': 3, 'ood': [0], 'beta': 'unbiased', 'angle': 75, 'sigma': 2, 'target': 0, 'augment': False, 'dataset': 'rotated_mnist', 'task_map': [[0, 1, 2, 3, 4, 5, 6, 7, 8, 9]], 'custom_sampler': False}, 'deploy': True, 'device': 'cuda:3', 'is_multihead': False, 'eval_at_epoch': False}",3t0miz2w
76,75,4,0.2483,0.0197,"{'train_acc': 1, '_timestamp': 1663353213.8553011, 'train_loss': 0.0009, '_step': 1010, 'epoch': 100, 'avg_err': 0.2483, 'std_err': 0.0197, '_wandb': {'runtime': 1114}, 'run_num': 9, '_runtime': 1114.588252067566, 'final_test_err': 0.2387}","{'hp': {'bs': 16, 'lr': 0.01, 'epochs': 100}, 'net': 'conv', 'tag': '14_domainbed/rotated_mnist_smallconv', 'loss': {'alpha': 0.5, 'tune_alpha': False, 'group_task_loss': False}, 'reps': 10, 'seed': 10, 'task': {'n': 10, 'm_n': 4, 'ood': [0], 'beta': 'unbiased', 'angle': 75, 'sigma': 2, 'target': 0, 'augment': False, 'dataset': 'rotated_mnist', 'task_map': [[0, 1, 2, 3, 4, 5, 6, 7, 8, 9]], 'custom_sampler': False}, 'deploy': True, 'device': 'cuda:3', 'is_multihead': False, 'eval_at_epoch': False}",3gjrw03v
77,75,5,0.2568,0.0201,"{'avg_err': 0.2568, 'std_err': 0.0201, 'train_acc': 1, '_timestamp': 1663353179.7515128, 'final_test_err': 0.24150000000000005, '_step': 1010, 'epoch': 100, '_wandb': {'runtime': 1080}, 'run_num': 9, '_runtime': 1080.5227377414703, 'train_loss': 0.0009}","{'hp': {'bs': 16, 'lr': 0.01, 'epochs': 100}, 'net': 'conv', 'tag': '14_domainbed/rotated_mnist_smallconv', 'loss': {'alpha': 0.5, 'tune_alpha': False, 'group_task_loss': False}, 'reps': 10, 'seed': 10, 'task': {'n': 10, 'm_n': 5, 'ood': [0], 'beta': 'unbiased', 'angle': 75, 'sigma': 2, 'target': 0, 'augment': False, 'dataset': 'rotated_mnist', 'task_map': [[0, 1, 2, 3, 4, 5, 6, 7, 8, 9]], 'custom_sampler': False}, 'deploy': True, 'device': 'cuda:3', 'is_multihead': False, 'eval_at_epoch': False}",3u7cao7w
78,75,10,0.2773,0.0223,"{'_step': 1010, 'epoch': 100, 'avg_err': 0.2773, 'std_err': 0.0223, '_runtime': 1318.114660024643, 'train_acc': 1, '_timestamp': 1663353417.424892, 'train_loss': 0.0006, '_wandb': {'runtime': 1317}, 'run_num': 9, 'final_test_err': 0.262}","{'hp': {'bs': 16, 'lr': 0.01, 'epochs': 100}, 'net': 'conv', 'tag': '14_domainbed/rotated_mnist_smallconv', 'loss': {'alpha': 0.5, 'tune_alpha': False, 'group_task_loss': False}, 'reps': 10, 'seed': 10, 'task': {'n': 10, 'm_n': 10, 'ood': [0], 'beta': 'unbiased', 'angle': 75, 'sigma': 2, 'target': 0, 'augment': False, 'dataset': 'rotated_mnist', 'task_map': [[0, 1, 2, 3, 4, 5, 6, 7, 8, 9]], 'custom_sampler': False}, 'deploy': True, 'device': 'cuda:3', 'is_multihead': False, 'eval_at_epoch': False}",14tfmglk
79,75,20,0.3062,0.0253,"{'epoch': 100, 'run_num': 9, 'std_err': 0.0253, '_runtime': 1778.2130963802338, 'train_acc': 1, 'final_test_err': 0.3025, '_step': 1010, '_wandb': {'runtime': 1777}, 'avg_err': 0.3062, '_timestamp': 1663353877.2200773, 'train_loss': 0.0004}","{'hp': {'bs': 16, 'lr': 0.01, 'epochs': 100}, 'net': 'conv', 'tag': '14_domainbed/rotated_mnist_smallconv', 'loss': {'alpha': 0.5, 'tune_alpha': False, 'group_task_loss': False}, 'reps': 10, 'seed': 10, 'task': {'n': 10, 'm_n': 20, 'ood': [0], 'beta': 'unbiased', 'angle': 75, 'sigma': 2, 'target': 0, 'augment': False, 'dataset': 'rotated_mnist', 'task_map': [[0, 1, 2, 3, 4, 5, 6, 7, 8, 9]], 'custom_sampler': False}, 'deploy': True, 'device': 'cuda:3', 'is_multihead': False, 'eval_at_epoch': False}",13m80em1
