,m_n,avg_error,std_error,angle,summary,config,name
0,0,0.3798,0.0397,0,"{'n': 100, '_step': 1020, 'avg_err': 0.3798, 'run_num': 9, 'std_err': 0.0397, '_runtime': 1080.6547343730929, 'train_acc': 0.8, '_timestamp': 1663946549.5580225, 'm': 0, 'epoch': 100, '_wandb': {'runtime': 1080}, 'train_loss': 0.4804, 'final_test_err': 0.35}","{'hp': {'bs': 128, 'lr': 0.01, 'epochs': 100}, 'net': 'wrn10_2', 'ptw': False, 'tag': '06_rotated_cifar10/wrn-10-2', 'loss': {'alpha': 0.5, 'm_n_list': [0, 1, 2, 3, 4, 5, 10, 20], 'tune_alpha': False, 'use_opt_alpha': False, 'tune_alpha_tag': '17_tune/cifar10', 'group_task_loss': False}, 'reps': 10, 'seed': 10, 'task': {'n': 50, 'm_n': 0, 'ood': [], 'beta': 'unbiased', 'target': 1, 'augment': False, 'dataset': 'rotated_cifar10', 'ood_env': 0, 'task_map': [[0, 1], [2, 3], [4, 5], [6, 7], [8, 9]], 'target_env': 'None', 'custom_sampler': False}, 'deploy': True, 'device': 'cuda:2', 'ptw_path': 'pretrained_imagenet_1_wrn10_2.pt', 'random_reps': True, 'is_multihead': False, 'eval_at_epoch': False}",1bfbx154
1,1,0.3242,0.0261,0,"{'_wandb': {'runtime': 1162}, 'avg_err': 0.3242, 'std_err': 0.0261, 'final_test_err': 0.35450000000000004, 'epoch': 100, 'n': 100, '_step': 1020, 'run_num': 9, '_runtime': 1162.7253878116608, 'train_acc': 0.765, '_timestamp': 1663946631.5844307, 'train_loss': 0.5132, 'm': 100}","{'hp': {'bs': 128, 'lr': 0.01, 'epochs': 100}, 'net': 'wrn10_2', 'ptw': False, 'tag': '06_rotated_cifar10/wrn-10-2', 'loss': {'alpha': 0.5, 'm_n_list': [0, 1, 2, 3, 4, 5, 10, 20], 'tune_alpha': False, 'use_opt_alpha': False, 'tune_alpha_tag': '17_tune/cifar10', 'group_task_loss': False}, 'reps': 10, 'seed': 10, 'task': {'n': 50, 'm_n': 1, 'ood': [], 'beta': 'unbiased', 'target': 1, 'augment': False, 'dataset': 'rotated_cifar10', 'ood_env': 0, 'task_map': [[0, 1], [2, 3], [4, 5], [6, 7], [8, 9]], 'target_env': 'None', 'custom_sampler': False}, 'deploy': True, 'device': 'cuda:2', 'ptw_path': 'pretrained_imagenet_1_wrn10_2.pt', 'random_reps': True, 'is_multihead': False, 'eval_at_epoch': False}",3e69lq6r
2,2,0.3048,0.019,0,"{'m': 200, 'avg_err': 0.3048, '_runtime': 1129.1629428863523, 'train_acc': 0.83, 'train_loss': 0.378, '_timestamp': 1663946598.523891, 'final_test_err': 0.3275, 'n': 100, '_step': 1020, 'epoch': 100, '_wandb': {'runtime': 1128}, 'run_num': 9, 'std_err': 0.019}","{'hp': {'bs': 128, 'lr': 0.01, 'epochs': 100}, 'net': 'wrn10_2', 'ptw': False, 'tag': '06_rotated_cifar10/wrn-10-2', 'loss': {'alpha': 0.5, 'm_n_list': [0, 1, 2, 3, 4, 5, 10, 20], 'tune_alpha': False, 'use_opt_alpha': False, 'tune_alpha_tag': '17_tune/cifar10', 'group_task_loss': False}, 'reps': 10, 'seed': 10, 'task': {'n': 50, 'm_n': 2, 'ood': [], 'beta': 'unbiased', 'target': 1, 'augment': False, 'dataset': 'rotated_cifar10', 'ood_env': 0, 'task_map': [[0, 1], [2, 3], [4, 5], [6, 7], [8, 9]], 'target_env': 'None', 'custom_sampler': False}, 'deploy': True, 'device': 'cuda:2', 'ptw_path': 'pretrained_imagenet_1_wrn10_2.pt', 'random_reps': True, 'is_multihead': False, 'eval_at_epoch': False}",3d7dyg6y
3,3,0.2931,0.0176,0,"{'n': 100, '_step': 1020, 'avg_err': 0.2931, 'run_num': 9, 'train_acc': 0.875, '_timestamp': 1663946703.7627778, 'train_loss': 0.354, 'm': 300, '_wandb': {'runtime': 1234}, 'std_err': 0.0176, '_runtime': 1234.5304996967316, 'final_test_err': 0.31200000000000006, 'epoch': 100}","{'hp': {'bs': 128, 'lr': 0.01, 'epochs': 100}, 'net': 'wrn10_2', 'ptw': False, 'tag': '06_rotated_cifar10/wrn-10-2', 'loss': {'alpha': 0.5, 'm_n_list': [0, 1, 2, 3, 4, 5, 10, 20], 'tune_alpha': False, 'use_opt_alpha': False, 'tune_alpha_tag': '17_tune/cifar10', 'group_task_loss': False}, 'reps': 10, 'seed': 10, 'task': {'n': 50, 'm_n': 3, 'ood': [], 'beta': 'unbiased', 'target': 1, 'augment': False, 'dataset': 'rotated_cifar10', 'ood_env': 0, 'task_map': [[0, 1], [2, 3], [4, 5], [6, 7], [8, 9]], 'target_env': 'None', 'custom_sampler': False}, 'deploy': True, 'device': 'cuda:2', 'ptw_path': 'pretrained_imagenet_1_wrn10_2.pt', 'random_reps': True, 'is_multihead': False, 'eval_at_epoch': False}",1phqo1i1
4,4,0.2851,0.0201,0,"{'m': 400, 'n': 100, 'epoch': 100, 'avg_err': 0.2851, 'run_num': 9, 'std_err': 0.0201, '_timestamp': 1663946767.7703905, 'train_loss': 0.3368, '_step': 1020, '_wandb': {'runtime': 1298}, '_runtime': 1298.860062599182, 'train_acc': 0.86, 'final_test_err': 0.3185}","{'hp': {'bs': 128, 'lr': 0.01, 'epochs': 100}, 'net': 'wrn10_2', 'ptw': False, 'tag': '06_rotated_cifar10/wrn-10-2', 'loss': {'alpha': 0.5, 'm_n_list': [0, 1, 2, 3, 4, 5, 10, 20], 'tune_alpha': False, 'use_opt_alpha': False, 'tune_alpha_tag': '17_tune/cifar10', 'group_task_loss': False}, 'reps': 10, 'seed': 10, 'task': {'n': 50, 'm_n': 4, 'ood': [], 'beta': 'unbiased', 'target': 1, 'augment': False, 'dataset': 'rotated_cifar10', 'ood_env': 0, 'task_map': [[0, 1], [2, 3], [4, 5], [6, 7], [8, 9]], 'target_env': 'None', 'custom_sampler': False}, 'deploy': True, 'device': 'cuda:2', 'ptw_path': 'pretrained_imagenet_1_wrn10_2.pt', 'random_reps': True, 'is_multihead': False, 'eval_at_epoch': False}",11s70cz7
5,5,0.2778,0.0189,0,"{'epoch': 100, '_wandb': {'runtime': 1400}, '_runtime': 1401.221160173416, 'train_acc': 0.895, 'train_loss': 0.2842, 'm': 500, 'n': 100, '_step': 1020, 'final_test_err': 0.30900000000000005, '_timestamp': 1663946869.430838, 'avg_err': 0.2778, 'run_num': 9, 'std_err': 0.0189}","{'hp': {'bs': 128, 'lr': 0.01, 'epochs': 100}, 'net': 'wrn10_2', 'ptw': False, 'tag': '06_rotated_cifar10/wrn-10-2', 'loss': {'alpha': 0.5, 'm_n_list': [0, 1, 2, 3, 4, 5, 10, 20], 'tune_alpha': False, 'use_opt_alpha': False, 'tune_alpha_tag': '17_tune/cifar10', 'group_task_loss': False}, 'reps': 10, 'seed': 10, 'task': {'n': 50, 'm_n': 5, 'ood': [], 'beta': 'unbiased', 'target': 1, 'augment': False, 'dataset': 'rotated_cifar10', 'ood_env': 0, 'task_map': [[0, 1], [2, 3], [4, 5], [6, 7], [8, 9]], 'target_env': 'None', 'custom_sampler': False}, 'deploy': True, 'device': 'cuda:2', 'ptw_path': 'pretrained_imagenet_1_wrn10_2.pt', 'random_reps': True, 'is_multihead': False, 'eval_at_epoch': False}",1kmxyj6o
6,10,0.2673,0.0124,0,"{'epoch': 100, 'run_num': 9, 'std_err': 0.0124, '_timestamp': 1663947012.3277574, 'train_loss': 0.1187, '_step': 1020, 'n': 100, '_wandb': {'runtime': 1542}, 'avg_err': 0.2673, '_runtime': 1542.8846962451937, 'train_acc': 0.9827, 'final_test_err': 0.272, 'm': 1000}","{'hp': {'bs': 128, 'lr': 0.01, 'epochs': 100}, 'net': 'wrn10_2', 'ptw': False, 'tag': '06_rotated_cifar10/wrn-10-2', 'loss': {'alpha': 0.5, 'm_n_list': [0, 1, 2, 3, 4, 5, 10, 20], 'tune_alpha': False, 'use_opt_alpha': False, 'tune_alpha_tag': '17_tune/cifar10', 'group_task_loss': False}, 'reps': 10, 'seed': 10, 'task': {'n': 50, 'm_n': 10, 'ood': [], 'beta': 'unbiased', 'target': 1, 'augment': False, 'dataset': 'rotated_cifar10', 'ood_env': 0, 'task_map': [[0, 1], [2, 3], [4, 5], [6, 7], [8, 9]], 'target_env': 'None', 'custom_sampler': False}, 'deploy': True, 'device': 'cuda:2', 'ptw_path': 'pretrained_imagenet_1_wrn10_2.pt', 'random_reps': True, 'is_multihead': False, 'eval_at_epoch': False}",38pcwiti
7,20,0.2546,0.0137,0,"{'n': 100, 'epoch': 100, '_wandb': {'runtime': 1707}, 'avg_err': 0.2546, 'std_err': 0.0137, '_timestamp': 1663947177.666777, 'final_test_err': 0.252, 'm': 2000, '_step': 1020, 'run_num': 9, '_runtime': 1708.175577878952, 'train_acc': 0.9957, 'train_loss': 0.0433}","{'hp': {'bs': 128, 'lr': 0.01, 'epochs': 100}, 'net': 'wrn10_2', 'ptw': False, 'tag': '06_rotated_cifar10/wrn-10-2', 'loss': {'alpha': 0.5, 'm_n_list': [0, 1, 2, 3, 4, 5, 10, 20], 'tune_alpha': False, 'use_opt_alpha': False, 'tune_alpha_tag': '17_tune/cifar10', 'group_task_loss': False}, 'reps': 10, 'seed': 10, 'task': {'n': 50, 'm_n': 20, 'ood': [], 'beta': 'unbiased', 'target': 1, 'augment': False, 'dataset': 'rotated_cifar10', 'ood_env': 0, 'task_map': [[0, 1], [2, 3], [4, 5], [6, 7], [8, 9]], 'target_env': 'None', 'custom_sampler': False}, 'deploy': True, 'device': 'cuda:2', 'ptw_path': 'pretrained_imagenet_1_wrn10_2.pt', 'random_reps': True, 'is_multihead': False, 'eval_at_epoch': False}",n1w7ngu7
8,30,0.247,0.0144,0,"{'m': 3000, '_step': 1020, 'epoch': 100, '_runtime': 1886.520252943039, 'train_acc': 0.9997, 'train_loss': 0.0227, 'final_test_err': 0.244, 'n': 100, '_wandb': {'runtime': 1886}, 'avg_err': 0.247, 'run_num': 9, 'std_err': 0.0144, '_timestamp': 1663947355.6073189}","{'hp': {'bs': 128, 'lr': 0.01, 'epochs': 100}, 'net': 'wrn10_2', 'ptw': False, 'tag': '06_rotated_cifar10/wrn-10-2', 'loss': {'alpha': 0.5, 'm_n_list': [0, 1, 2, 3, 4, 5, 10, 20], 'tune_alpha': False, 'use_opt_alpha': False, 'tune_alpha_tag': '17_tune/cifar10', 'group_task_loss': False}, 'reps': 10, 'seed': 10, 'task': {'n': 50, 'm_n': 30, 'ood': [], 'beta': 'unbiased', 'target': 1, 'augment': False, 'dataset': 'rotated_cifar10', 'ood_env': 0, 'task_map': [[0, 1], [2, 3], [4, 5], [6, 7], [8, 9]], 'target_env': 'None', 'custom_sampler': False}, 'deploy': True, 'device': 'cuda:2', 'ptw_path': 'pretrained_imagenet_1_wrn10_2.pt', 'random_reps': True, 'is_multihead': False, 'eval_at_epoch': False}",2w2uzltl
9,40,0.2315,0.0152,0,"{'n': 100, '_step': 1020, 'epoch': 100, '_wandb': {'runtime': 2050}, 'avg_err': 0.2315, 'run_num': 9, 'train_acc': 0.9949, 'm': 4000, 'train_loss': 0.0497, '_timestamp': 1663947520.769314, '_runtime': 2051.4059569835663, 'final_test_err': 0.234, 'std_err': 0.0152}","{'hp': {'bs': 128, 'lr': 0.01, 'epochs': 100}, 'net': 'wrn10_2', 'ptw': False, 'tag': '06_rotated_cifar10/wrn-10-2', 'loss': {'alpha': 0.5, 'm_n_list': [0, 1, 2, 3, 4, 5, 10, 20], 'tune_alpha': False, 'use_opt_alpha': False, 'tune_alpha_tag': '17_tune/cifar10', 'group_task_loss': False}, 'reps': 10, 'seed': 10, 'task': {'n': 50, 'm_n': 40, 'ood': [], 'beta': 'unbiased', 'target': 1, 'augment': False, 'dataset': 'rotated_cifar10', 'ood_env': 0, 'task_map': [[0, 1], [2, 3], [4, 5], [6, 7], [8, 9]], 'target_env': 'None', 'custom_sampler': False}, 'deploy': True, 'device': 'cuda:2', 'ptw_path': 'pretrained_imagenet_1_wrn10_2.pt', 'random_reps': True, 'is_multihead': False, 'eval_at_epoch': False}",1utimi8a
10,0,0.3798,0.0397,10,"{'final_test_err': 0.35, '_wandb': {'runtime': 1132}, 'std_err': 0.0397, '_runtime': 1132.8897125720978, '_timestamp': 1663947690.0924735, 'avg_err': 0.3798, 'run_num': 9, 'train_acc': 0.8, 'train_loss': 0.4804, 'm': 0, 'n': 100, '_step': 1020, 'epoch': 100}","{'hp': {'bs': 128, 'lr': 0.01, 'epochs': 100}, 'net': 'wrn10_2', 'ptw': False, 'tag': '06_rotated_cifar10/wrn-10-2', 'loss': {'alpha': 0.5, 'm_n_list': [0, 1, 2, 3, 4, 5, 10, 20], 'tune_alpha': False, 'use_opt_alpha': False, 'tune_alpha_tag': '17_tune/cifar10', 'group_task_loss': False}, 'reps': 10, 'seed': 10, 'task': {'n': 50, 'm_n': 0, 'ood': [], 'beta': 'unbiased', 'target': 1, 'augment': False, 'dataset': 'rotated_cifar10', 'ood_env': 10, 'task_map': [[0, 1], [2, 3], [4, 5], [6, 7], [8, 9]], 'target_env': 'None', 'custom_sampler': False}, 'deploy': True, 'device': 'cuda:2', 'ptw_path': 'pretrained_imagenet_1_wrn10_2.pt', 'random_reps': True, 'is_multihead': False, 'eval_at_epoch': False}",3m0k4oo4
11,1,0.3248,0.0259,10,"{'_step': 1020, 'avg_err': 0.3248, 'run_num': 9, '_runtime': 1132.5275461673737, 'final_test_err': 0.346, 'n': 100, 'epoch': 100, '_wandb': {'runtime': 1131}, 'std_err': 0.0259, 'train_acc': 0.78, '_timestamp': 1663947737.6668422, 'train_loss': 0.5338, 'm': 100}","{'hp': {'bs': 128, 'lr': 0.01, 'epochs': 100}, 'net': 'wrn10_2', 'ptw': False, 'tag': '06_rotated_cifar10/wrn-10-2', 'loss': {'alpha': 0.5, 'm_n_list': [0, 1, 2, 3, 4, 5, 10, 20], 'tune_alpha': False, 'use_opt_alpha': False, 'tune_alpha_tag': '17_tune/cifar10', 'group_task_loss': False}, 'reps': 10, 'seed': 10, 'task': {'n': 50, 'm_n': 1, 'ood': [], 'beta': 'unbiased', 'target': 1, 'augment': False, 'dataset': 'rotated_cifar10', 'ood_env': 10, 'task_map': [[0, 1], [2, 3], [4, 5], [6, 7], [8, 9]], 'target_env': 'None', 'custom_sampler': False}, 'deploy': True, 'device': 'cuda:2', 'ptw_path': 'pretrained_imagenet_1_wrn10_2.pt', 'random_reps': True, 'is_multihead': False, 'eval_at_epoch': False}",cz3xeq1z
12,2,0.3042,0.0177,10,"{'_wandb': {'runtime': 1207}, 'run_num': 9, '_runtime': 1208.2178840637207, 'train_acc': 0.8133, 'm': 200, 'n': 100, '_step': 1020, 'epoch': 100, 'final_test_err': 0.3325, 'avg_err': 0.3042, 'std_err': 0.0177, '_timestamp': 1663947847.304631, 'train_loss': 0.4208}","{'hp': {'bs': 128, 'lr': 0.01, 'epochs': 100}, 'net': 'wrn10_2', 'ptw': False, 'tag': '06_rotated_cifar10/wrn-10-2', 'loss': {'alpha': 0.5, 'm_n_list': [0, 1, 2, 3, 4, 5, 10, 20], 'tune_alpha': False, 'use_opt_alpha': False, 'tune_alpha_tag': '17_tune/cifar10', 'group_task_loss': False}, 'reps': 10, 'seed': 10, 'task': {'n': 50, 'm_n': 2, 'ood': [], 'beta': 'unbiased', 'target': 1, 'augment': False, 'dataset': 'rotated_cifar10', 'ood_env': 10, 'task_map': [[0, 1], [2, 3], [4, 5], [6, 7], [8, 9]], 'target_env': 'None', 'custom_sampler': False}, 'deploy': True, 'device': 'cuda:2', 'ptw_path': 'pretrained_imagenet_1_wrn10_2.pt', 'random_reps': True, 'is_multihead': False, 'eval_at_epoch': False}",3cnaaxj7
13,3,0.294,0.0199,10,"{'avg_err': 0.294, 'run_num': 9, 'std_err': 0.0199, '_runtime': 1218.701294183731, 'train_acc': 0.8125, 'train_loss': 0.4095, '_step': 1020, 'n': 100, 'epoch': 100, '_wandb': {'runtime': 1217}, '_timestamp': 1663947931.0304482, 'final_test_err': 0.3195, 'm': 300}","{'hp': {'bs': 128, 'lr': 0.01, 'epochs': 100}, 'net': 'wrn10_2', 'ptw': False, 'tag': '06_rotated_cifar10/wrn-10-2', 'loss': {'alpha': 0.5, 'm_n_list': [0, 1, 2, 3, 4, 5, 10, 20], 'tune_alpha': False, 'use_opt_alpha': False, 'tune_alpha_tag': '17_tune/cifar10', 'group_task_loss': False}, 'reps': 10, 'seed': 10, 'task': {'n': 50, 'm_n': 3, 'ood': [], 'beta': 'unbiased', 'target': 1, 'augment': False, 'dataset': 'rotated_cifar10', 'ood_env': 10, 'task_map': [[0, 1], [2, 3], [4, 5], [6, 7], [8, 9]], 'target_env': 'None', 'custom_sampler': False}, 'deploy': True, 'device': 'cuda:2', 'ptw_path': 'pretrained_imagenet_1_wrn10_2.pt', 'random_reps': True, 'is_multihead': False, 'eval_at_epoch': False}",14zyzrg0
14,4,0.2929,0.0188,10,"{'run_num': 9, 'final_test_err': 0.31599999999999995, 'm': 400, '_step': 1020, 'epoch': 100, 'std_err': 0.0188, '_runtime': 1244.786787033081, 'train_acc': 0.842, '_timestamp': 1663948021.322702, 'train_loss': 0.3912, 'n': 100, '_wandb': {'runtime': 1244}, 'avg_err': 0.2929}","{'hp': {'bs': 128, 'lr': 0.01, 'epochs': 100}, 'net': 'wrn10_2', 'ptw': False, 'tag': '06_rotated_cifar10/wrn-10-2', 'loss': {'alpha': 0.5, 'm_n_list': [0, 1, 2, 3, 4, 5, 10, 20], 'tune_alpha': False, 'use_opt_alpha': False, 'tune_alpha_tag': '17_tune/cifar10', 'group_task_loss': False}, 'reps': 10, 'seed': 10, 'task': {'n': 50, 'm_n': 4, 'ood': [], 'beta': 'unbiased', 'target': 1, 'augment': False, 'dataset': 'rotated_cifar10', 'ood_env': 10, 'task_map': [[0, 1], [2, 3], [4, 5], [6, 7], [8, 9]], 'target_env': 'None', 'custom_sampler': False}, 'deploy': True, 'device': 'cuda:2', 'ptw_path': 'pretrained_imagenet_1_wrn10_2.pt', 'random_reps': True, 'is_multihead': False, 'eval_at_epoch': False}",7jod37k9
15,5,0.2849,0.02,10,"{'std_err': 0.02, '_runtime': 1311.5858001708984, 'train_acc': 0.875, '_step': 1020, '_wandb': {'runtime': 1310}, 'epoch': 100, 'avg_err': 0.2849, 'run_num': 9, '_timestamp': 1663948188.0209222, 'train_loss': 0.335, 'final_test_err': 0.3075, 'm': 500, 'n': 100}","{'hp': {'bs': 128, 'lr': 0.01, 'epochs': 100}, 'net': 'wrn10_2', 'ptw': False, 'tag': '06_rotated_cifar10/wrn-10-2', 'loss': {'alpha': 0.5, 'm_n_list': [0, 1, 2, 3, 4, 5, 10, 20], 'tune_alpha': False, 'use_opt_alpha': False, 'tune_alpha_tag': '17_tune/cifar10', 'group_task_loss': False}, 'reps': 10, 'seed': 10, 'task': {'n': 50, 'm_n': 5, 'ood': [], 'beta': 'unbiased', 'target': 1, 'augment': False, 'dataset': 'rotated_cifar10', 'ood_env': 10, 'task_map': [[0, 1], [2, 3], [4, 5], [6, 7], [8, 9]], 'target_env': 'None', 'custom_sampler': False}, 'deploy': True, 'device': 'cuda:2', 'ptw_path': 'pretrained_imagenet_1_wrn10_2.pt', 'random_reps': True, 'is_multihead': False, 'eval_at_epoch': False}",32ntqizz
16,10,0.2774,0.0154,10,"{'final_test_err': 0.2855, '_step': 1020, '_wandb': {'runtime': 1381}, 'train_acc': 0.9709, 'train_loss': 0.1583, 'run_num': 9, 'std_err': 0.0154, '_runtime': 1382.0531606674194, '_timestamp': 1663948415.0078018, 'm': 1000, 'n': 100, 'epoch': 100, 'avg_err': 0.2774}","{'hp': {'bs': 128, 'lr': 0.01, 'epochs': 100}, 'net': 'wrn10_2', 'ptw': False, 'tag': '06_rotated_cifar10/wrn-10-2', 'loss': {'alpha': 0.5, 'm_n_list': [0, 1, 2, 3, 4, 5, 10, 20], 'tune_alpha': False, 'use_opt_alpha': False, 'tune_alpha_tag': '17_tune/cifar10', 'group_task_loss': False}, 'reps': 10, 'seed': 10, 'task': {'n': 50, 'm_n': 10, 'ood': [], 'beta': 'unbiased', 'target': 1, 'augment': False, 'dataset': 'rotated_cifar10', 'ood_env': 10, 'task_map': [[0, 1], [2, 3], [4, 5], [6, 7], [8, 9]], 'target_env': 'None', 'custom_sampler': False}, 'deploy': True, 'device': 'cuda:2', 'ptw_path': 'pretrained_imagenet_1_wrn10_2.pt', 'random_reps': True, 'is_multihead': False, 'eval_at_epoch': False}",3vttlfug
17,20,0.2772,0.0145,10,"{'final_test_err': 0.2835, '_wandb': {'runtime': 1463}, 'run_num': 9, 'std_err': 0.0145, '_runtime': 1464.093346118927, 'train_acc': 0.9976, '_timestamp': 1663948648.768083, 'm': 2000, 'n': 100, '_step': 1020, 'epoch': 100, 'avg_err': 0.2772, 'train_loss': 0.0406}","{'hp': {'bs': 128, 'lr': 0.01, 'epochs': 100}, 'net': 'wrn10_2', 'ptw': False, 'tag': '06_rotated_cifar10/wrn-10-2', 'loss': {'alpha': 0.5, 'm_n_list': [0, 1, 2, 3, 4, 5, 10, 20], 'tune_alpha': False, 'use_opt_alpha': False, 'tune_alpha_tag': '17_tune/cifar10', 'group_task_loss': False}, 'reps': 10, 'seed': 10, 'task': {'n': 50, 'm_n': 20, 'ood': [], 'beta': 'unbiased', 'target': 1, 'augment': False, 'dataset': 'rotated_cifar10', 'ood_env': 10, 'task_map': [[0, 1], [2, 3], [4, 5], [6, 7], [8, 9]], 'target_env': 'None', 'custom_sampler': False}, 'deploy': True, 'device': 'cuda:2', 'ptw_path': 'pretrained_imagenet_1_wrn10_2.pt', 'random_reps': True, 'is_multihead': False, 'eval_at_epoch': False}",hf9fxsbl
18,30,0.272,0.0212,10,"{'epoch': 100, '_wandb': {'runtime': 1624}, 'std_err': 0.0212, 'm': 3000, 'n': 100, '_step': 1020, 'avg_err': 0.272, 'run_num': 9, '_runtime': 1625.9292759895325, 'train_acc': 0.999, '_timestamp': 1663948989.032265, 'train_loss': 0.0296, 'final_test_err': 0.273}","{'hp': {'bs': 128, 'lr': 0.01, 'epochs': 100}, 'net': 'wrn10_2', 'ptw': False, 'tag': '06_rotated_cifar10/wrn-10-2', 'loss': {'alpha': 0.5, 'm_n_list': [0, 1, 2, 3, 4, 5, 10, 20], 'tune_alpha': False, 'use_opt_alpha': False, 'tune_alpha_tag': '17_tune/cifar10', 'group_task_loss': False}, 'reps': 10, 'seed': 10, 'task': {'n': 50, 'm_n': 30, 'ood': [], 'beta': 'unbiased', 'target': 1, 'augment': False, 'dataset': 'rotated_cifar10', 'ood_env': 10, 'task_map': [[0, 1], [2, 3], [4, 5], [6, 7], [8, 9]], 'target_env': 'None', 'custom_sampler': False}, 'deploy': True, 'device': 'cuda:2', 'ptw_path': 'pretrained_imagenet_1_wrn10_2.pt', 'random_reps': True, 'is_multihead': False, 'eval_at_epoch': False}",2x13dood
19,40,0.2532,0.0162,10,"{'train_acc': 0.9866, 'm': 4000, 'epoch': 100, 'avg_err': 0.2532, 'run_num': 9, '_runtime': 1874.4834713935852, '_timestamp': 1663949403.2905114, 'train_loss': 0.0734, 'final_test_err': 0.22750000000000004, 'n': 100, '_step': 1020, '_wandb': {'runtime': 1874}, 'std_err': 0.0162}","{'hp': {'bs': 128, 'lr': 0.01, 'epochs': 100}, 'net': 'wrn10_2', 'ptw': False, 'tag': '06_rotated_cifar10/wrn-10-2', 'loss': {'alpha': 0.5, 'm_n_list': [0, 1, 2, 3, 4, 5, 10, 20], 'tune_alpha': False, 'use_opt_alpha': False, 'tune_alpha_tag': '17_tune/cifar10', 'group_task_loss': False}, 'reps': 10, 'seed': 10, 'task': {'n': 50, 'm_n': 40, 'ood': [], 'beta': 'unbiased', 'target': 1, 'augment': False, 'dataset': 'rotated_cifar10', 'ood_env': 10, 'task_map': [[0, 1], [2, 3], [4, 5], [6, 7], [8, 9]], 'target_env': 'None', 'custom_sampler': False}, 'deploy': True, 'device': 'cuda:2', 'ptw_path': 'pretrained_imagenet_1_wrn10_2.pt', 'random_reps': True, 'is_multihead': False, 'eval_at_epoch': False}",2ocdz1gd
20,0,0.3798,0.0397,30,"{'m': 0, '_step': 1020, 'run_num': 9, '_runtime': 930.9828853607178, 'n': 100, 'epoch': 100, '_wandb': {'runtime': 930}, 'avg_err': 0.3798, 'std_err': 0.0397, 'train_acc': 0.8, '_timestamp': 1663948626.8537705, 'train_loss': 0.4804, 'final_test_err': 0.35}","{'hp': {'bs': 128, 'lr': 0.01, 'epochs': 100}, 'net': 'wrn10_2', 'ptw': False, 'tag': '06_rotated_cifar10/wrn-10-2', 'loss': {'alpha': 0.5, 'm_n_list': [0, 1, 2, 3, 4, 5, 10, 20], 'tune_alpha': False, 'use_opt_alpha': False, 'tune_alpha_tag': '17_tune/cifar10', 'group_task_loss': False}, 'reps': 10, 'seed': 10, 'task': {'n': 50, 'm_n': 0, 'ood': [], 'beta': 'unbiased', 'target': 1, 'augment': False, 'dataset': 'rotated_cifar10', 'ood_env': 30, 'task_map': [[0, 1], [2, 3], [4, 5], [6, 7], [8, 9]], 'target_env': 'None', 'custom_sampler': False}, 'deploy': True, 'device': 'cuda:2', 'ptw_path': 'pretrained_imagenet_1_wrn10_2.pt', 'random_reps': True, 'is_multihead': False, 'eval_at_epoch': False}",3o08vgie
21,1,0.3282,0.025,30,"{'_timestamp': 1663948683.3190444, '_step': 1020, '_wandb': {'runtime': 940}, 'run_num': 9, '_runtime': 941.0600283145905, 'train_acc': 0.75, 'train_loss': 0.5441, 'final_test_err': 0.35550000000000004, 'm': 100, 'n': 100, 'epoch': 100, 'avg_err': 0.3282, 'std_err': 0.025}","{'hp': {'bs': 128, 'lr': 0.01, 'epochs': 100}, 'net': 'wrn10_2', 'ptw': False, 'tag': '06_rotated_cifar10/wrn-10-2', 'loss': {'alpha': 0.5, 'm_n_list': [0, 1, 2, 3, 4, 5, 10, 20], 'tune_alpha': False, 'use_opt_alpha': False, 'tune_alpha_tag': '17_tune/cifar10', 'group_task_loss': False}, 'reps': 10, 'seed': 10, 'task': {'n': 50, 'm_n': 1, 'ood': [], 'beta': 'unbiased', 'target': 1, 'augment': False, 'dataset': 'rotated_cifar10', 'ood_env': 30, 'task_map': [[0, 1], [2, 3], [4, 5], [6, 7], [8, 9]], 'target_env': 'None', 'custom_sampler': False}, 'deploy': True, 'device': 'cuda:2', 'ptw_path': 'pretrained_imagenet_1_wrn10_2.pt', 'random_reps': True, 'is_multihead': False, 'eval_at_epoch': False}",35pn0v64
22,2,0.3047,0.0135,30,"{'avg_err': 0.3047, 'train_acc': 0.8267, '_timestamp': 1663948882.632017, 'n': 100, '_step': 1020, 'epoch': 100, '_wandb': {'runtime': 1029}, 'train_loss': 0.4141, 'final_test_err': 0.3275, 'm': 200, 'run_num': 9, 'std_err': 0.0135, '_runtime': 1030.439091682434}","{'hp': {'bs': 128, 'lr': 0.01, 'epochs': 100}, 'net': 'wrn10_2', 'ptw': False, 'tag': '06_rotated_cifar10/wrn-10-2', 'loss': {'alpha': 0.5, 'm_n_list': [0, 1, 2, 3, 4, 5, 10, 20], 'tune_alpha': False, 'use_opt_alpha': False, 'tune_alpha_tag': '17_tune/cifar10', 'group_task_loss': False}, 'reps': 10, 'seed': 10, 'task': {'n': 50, 'm_n': 2, 'ood': [], 'beta': 'unbiased', 'target': 1, 'augment': False, 'dataset': 'rotated_cifar10', 'ood_env': 30, 'task_map': [[0, 1], [2, 3], [4, 5], [6, 7], [8, 9]], 'target_env': 'None', 'custom_sampler': False}, 'deploy': True, 'device': 'cuda:2', 'ptw_path': 'pretrained_imagenet_1_wrn10_2.pt', 'random_reps': True, 'is_multihead': False, 'eval_at_epoch': False}",3ugziw5l
23,3,0.2963,0.0158,30,"{'train_acc': 0.8075, '_timestamp': 1663949056.3707843, 'train_loss': 0.4213, 'epoch': 100, 'avg_err': 0.2963, 'run_num': 9, 'std_err': 0.0158, '_runtime': 1118.4985291957855, 'm': 300, 'n': 100, '_step': 1020, '_wandb': {'runtime': 1117}, 'final_test_err': 0.31899999999999995}","{'hp': {'bs': 128, 'lr': 0.01, 'epochs': 100}, 'net': 'wrn10_2', 'ptw': False, 'tag': '06_rotated_cifar10/wrn-10-2', 'loss': {'alpha': 0.5, 'm_n_list': [0, 1, 2, 3, 4, 5, 10, 20], 'tune_alpha': False, 'use_opt_alpha': False, 'tune_alpha_tag': '17_tune/cifar10', 'group_task_loss': False}, 'reps': 10, 'seed': 10, 'task': {'n': 50, 'm_n': 3, 'ood': [], 'beta': 'unbiased', 'target': 1, 'augment': False, 'dataset': 'rotated_cifar10', 'ood_env': 30, 'task_map': [[0, 1], [2, 3], [4, 5], [6, 7], [8, 9]], 'target_env': 'None', 'custom_sampler': False}, 'deploy': True, 'device': 'cuda:2', 'ptw_path': 'pretrained_imagenet_1_wrn10_2.pt', 'random_reps': True, 'is_multihead': False, 'eval_at_epoch': False}",2ev2kmcv
24,4,0.2921,0.011,30,"{'m': 400, 'n': 100, '_step': 1020, 'avg_err': 0.2921, 'run_num': 9, '_runtime': 1166.3066384792328, 'epoch': 100, '_wandb': {'runtime': 1165}, 'std_err': 0.011, 'train_acc': 0.832, '_timestamp': 1663949193.4539285, 'train_loss': 0.4025, 'final_test_err': 0.3015}","{'hp': {'bs': 128, 'lr': 0.01, 'epochs': 100}, 'net': 'wrn10_2', 'ptw': False, 'tag': '06_rotated_cifar10/wrn-10-2', 'loss': {'alpha': 0.5, 'm_n_list': [0, 1, 2, 3, 4, 5, 10, 20], 'tune_alpha': False, 'use_opt_alpha': False, 'tune_alpha_tag': '17_tune/cifar10', 'group_task_loss': False}, 'reps': 10, 'seed': 10, 'task': {'n': 50, 'm_n': 4, 'ood': [], 'beta': 'unbiased', 'target': 1, 'augment': False, 'dataset': 'rotated_cifar10', 'ood_env': 30, 'task_map': [[0, 1], [2, 3], [4, 5], [6, 7], [8, 9]], 'target_env': 'None', 'custom_sampler': False}, 'deploy': True, 'device': 'cuda:2', 'ptw_path': 'pretrained_imagenet_1_wrn10_2.pt', 'random_reps': True, 'is_multihead': False, 'eval_at_epoch': False}",i55abata
25,5,0.2924,0.0176,30,"{'run_num': 9, 'm': 500, '_step': 1020, 'epoch': 100, '_wandb': {'runtime': 1267}, 'avg_err': 0.2924, 'train_loss': 0.3375, 'final_test_err': 0.31999999999999995, 'n': 100, 'std_err': 0.0176, '_runtime': 1268.3652086257937, 'train_acc': 0.8817, '_timestamp': 1663949460.916633}","{'hp': {'bs': 128, 'lr': 0.01, 'epochs': 100}, 'net': 'wrn10_2', 'ptw': False, 'tag': '06_rotated_cifar10/wrn-10-2', 'loss': {'alpha': 0.5, 'm_n_list': [0, 1, 2, 3, 4, 5, 10, 20], 'tune_alpha': False, 'use_opt_alpha': False, 'tune_alpha_tag': '17_tune/cifar10', 'group_task_loss': False}, 'reps': 10, 'seed': 10, 'task': {'n': 50, 'm_n': 5, 'ood': [], 'beta': 'unbiased', 'target': 1, 'augment': False, 'dataset': 'rotated_cifar10', 'ood_env': 30, 'task_map': [[0, 1], [2, 3], [4, 5], [6, 7], [8, 9]], 'target_env': 'None', 'custom_sampler': False}, 'deploy': True, 'device': 'cuda:2', 'ptw_path': 'pretrained_imagenet_1_wrn10_2.pt', 'random_reps': True, 'is_multihead': False, 'eval_at_epoch': False}",329dzzgi
26,10,0.2903,0.0212,30,"{'_runtime': 1360.489849805832, '_timestamp': 1663949781.60067, 'm': 1000, 'epoch': 100, 'avg_err': 0.2903, 'run_num': 9, 'train_acc': 0.9745, 'train_loss': 0.1479, 'final_test_err': 0.29000000000000004, 'n': 100, '_step': 1020, '_wandb': {'runtime': 1359}, 'std_err': 0.0212}","{'hp': {'bs': 128, 'lr': 0.01, 'epochs': 100}, 'net': 'wrn10_2', 'ptw': False, 'tag': '06_rotated_cifar10/wrn-10-2', 'loss': {'alpha': 0.5, 'm_n_list': [0, 1, 2, 3, 4, 5, 10, 20], 'tune_alpha': False, 'use_opt_alpha': False, 'tune_alpha_tag': '17_tune/cifar10', 'group_task_loss': False}, 'reps': 10, 'seed': 10, 'task': {'n': 50, 'm_n': 10, 'ood': [], 'beta': 'unbiased', 'target': 1, 'augment': False, 'dataset': 'rotated_cifar10', 'ood_env': 30, 'task_map': [[0, 1], [2, 3], [4, 5], [6, 7], [8, 9]], 'target_env': 'None', 'custom_sampler': False}, 'deploy': True, 'device': 'cuda:2', 'ptw_path': 'pretrained_imagenet_1_wrn10_2.pt', 'random_reps': True, 'is_multihead': False, 'eval_at_epoch': False}",5yw8m413
27,20,0.2988,0.0141,30,"{'n': 100, 'run_num': 9, '_runtime': 1533.3330624103546, 'train_acc': 0.9986, 'train_loss': 0.0413, 'std_err': 0.0141, '_timestamp': 1663950165.8129344, 'final_test_err': 0.31000000000000005, 'm': 2000, '_step': 1020, 'epoch': 100, '_wandb': {'runtime': 1532}, 'avg_err': 0.2988}","{'hp': {'bs': 128, 'lr': 0.01, 'epochs': 100}, 'net': 'wrn10_2', 'ptw': False, 'tag': '06_rotated_cifar10/wrn-10-2', 'loss': {'alpha': 0.5, 'm_n_list': [0, 1, 2, 3, 4, 5, 10, 20], 'tune_alpha': False, 'use_opt_alpha': False, 'tune_alpha_tag': '17_tune/cifar10', 'group_task_loss': False}, 'reps': 10, 'seed': 10, 'task': {'n': 50, 'm_n': 20, 'ood': [], 'beta': 'unbiased', 'target': 1, 'augment': False, 'dataset': 'rotated_cifar10', 'ood_env': 30, 'task_map': [[0, 1], [2, 3], [4, 5], [6, 7], [8, 9]], 'target_env': 'None', 'custom_sampler': False}, 'deploy': True, 'device': 'cuda:2', 'ptw_path': 'pretrained_imagenet_1_wrn10_2.pt', 'random_reps': True, 'is_multihead': False, 'eval_at_epoch': False}",wzspth0f
28,30,0.2985,0.0166,30,"{'final_test_err': 0.2905, '_step': 1020, 'run_num': 9, '_runtime': 1734.270621061325, 'train_acc': 0.9994, 'train_loss': 0.0351, 'std_err': 0.0166, '_timestamp': 1663950387.5827792, 'm': 3000, 'n': 100, 'epoch': 100, '_wandb': {'runtime': 1733}, 'avg_err': 0.2985}","{'hp': {'bs': 128, 'lr': 0.01, 'epochs': 100}, 'net': 'wrn10_2', 'ptw': False, 'tag': '06_rotated_cifar10/wrn-10-2', 'loss': {'alpha': 0.5, 'm_n_list': [0, 1, 2, 3, 4, 5, 10, 20], 'tune_alpha': False, 'use_opt_alpha': False, 'tune_alpha_tag': '17_tune/cifar10', 'group_task_loss': False}, 'reps': 10, 'seed': 10, 'task': {'n': 50, 'm_n': 30, 'ood': [], 'beta': 'unbiased', 'target': 1, 'augment': False, 'dataset': 'rotated_cifar10', 'ood_env': 30, 'task_map': [[0, 1], [2, 3], [4, 5], [6, 7], [8, 9]], 'target_env': 'None', 'custom_sampler': False}, 'deploy': True, 'device': 'cuda:2', 'ptw_path': 'pretrained_imagenet_1_wrn10_2.pt', 'random_reps': True, 'is_multihead': False, 'eval_at_epoch': False}",ybvb6fi8
29,40,0.2877,0.0095,30,"{'m': 4000, 'n': 100, '_step': 1020, 'epoch': 100, 'avg_err': 0.2877, 'run_num': 9, 'std_err': 0.0095, '_timestamp': 1663950626.1680803, 'train_loss': 0.0723, 'final_test_err': 0.28500000000000003, '_wandb': {'runtime': 1936}, '_runtime': 1937.185137271881, 'train_acc': 0.989}","{'hp': {'bs': 128, 'lr': 0.01, 'epochs': 100}, 'net': 'wrn10_2', 'ptw': False, 'tag': '06_rotated_cifar10/wrn-10-2', 'loss': {'alpha': 0.5, 'm_n_list': [0, 1, 2, 3, 4, 5, 10, 20], 'tune_alpha': False, 'use_opt_alpha': False, 'tune_alpha_tag': '17_tune/cifar10', 'group_task_loss': False}, 'reps': 10, 'seed': 10, 'task': {'n': 50, 'm_n': 40, 'ood': [], 'beta': 'unbiased', 'target': 1, 'augment': False, 'dataset': 'rotated_cifar10', 'ood_env': 30, 'task_map': [[0, 1], [2, 3], [4, 5], [6, 7], [8, 9]], 'target_env': 'None', 'custom_sampler': False}, 'deploy': True, 'device': 'cuda:2', 'ptw_path': 'pretrained_imagenet_1_wrn10_2.pt', 'random_reps': True, 'is_multihead': False, 'eval_at_epoch': False}",1vvjw1ns
30,0,0.3798,0.0397,45,"{'epoch': 100, '_wandb': {'runtime': 978}, 'avg_err': 0.3798, 'n': 100, '_step': 1020, 'std_err': 0.0397, '_runtime': 978.9669153690338, 'train_acc': 0.8, '_timestamp': 1663949866.2617624, 'train_loss': 0.4804, 'final_test_err': 0.35, 'm': 0, 'run_num': 9}","{'hp': {'bs': 128, 'lr': 0.01, 'epochs': 100}, 'net': 'wrn10_2', 'ptw': False, 'tag': '06_rotated_cifar10/wrn-10-2', 'loss': {'alpha': 0.5, 'm_n_list': [0, 1, 2, 3, 4, 5, 10, 20], 'tune_alpha': False, 'use_opt_alpha': False, 'tune_alpha_tag': '17_tune/cifar10', 'group_task_loss': False}, 'reps': 10, 'seed': 10, 'task': {'n': 50, 'm_n': 0, 'ood': [], 'beta': 'unbiased', 'target': 1, 'augment': False, 'dataset': 'rotated_cifar10', 'ood_env': 45, 'task_map': [[0, 1], [2, 3], [4, 5], [6, 7], [8, 9]], 'target_env': 'None', 'custom_sampler': False}, 'deploy': True, 'device': 'cuda:2', 'ptw_path': 'pretrained_imagenet_1_wrn10_2.pt', 'random_reps': True, 'is_multihead': False, 'eval_at_epoch': False}",2xovpk52
31,1,0.3262,0.0261,45,"{'std_err': 0.0261, 'train_acc': 0.765, 'train_loss': 0.5384, 'final_test_err': 0.35850000000000004, 'm': 100, 'epoch': 100, 'run_num': 9, 'avg_err': 0.3262, '_runtime': 968.4813895225524, '_timestamp': 1663949962.2308097, 'n': 100, '_step': 1020, '_wandb': {'runtime': 967}}","{'hp': {'bs': 128, 'lr': 0.01, 'epochs': 100}, 'net': 'wrn10_2', 'ptw': False, 'tag': '06_rotated_cifar10/wrn-10-2', 'loss': {'alpha': 0.5, 'm_n_list': [0, 1, 2, 3, 4, 5, 10, 20], 'tune_alpha': False, 'use_opt_alpha': False, 'tune_alpha_tag': '17_tune/cifar10', 'group_task_loss': False}, 'reps': 10, 'seed': 10, 'task': {'n': 50, 'm_n': 1, 'ood': [], 'beta': 'unbiased', 'target': 1, 'augment': False, 'dataset': 'rotated_cifar10', 'ood_env': 45, 'task_map': [[0, 1], [2, 3], [4, 5], [6, 7], [8, 9]], 'target_env': 'None', 'custom_sampler': False}, 'deploy': True, 'device': 'cuda:2', 'ptw_path': 'pretrained_imagenet_1_wrn10_2.pt', 'random_reps': True, 'is_multihead': False, 'eval_at_epoch': False}",3teoljsx
32,2,0.3073,0.016,45,"{'final_test_err': 0.33399999999999996, 'm': 200, 'n': 100, 'epoch': 100, 'avg_err': 0.3073, 'run_num': 9, '_timestamp': 1663950062.0888565, '_step': 1020, '_wandb': {'runtime': 1000}, 'std_err': 0.016, '_runtime': 1000.9971644878387, 'train_acc': 0.8, 'train_loss': 0.4292}","{'hp': {'bs': 128, 'lr': 0.01, 'epochs': 100}, 'net': 'wrn10_2', 'ptw': False, 'tag': '06_rotated_cifar10/wrn-10-2', 'loss': {'alpha': 0.5, 'm_n_list': [0, 1, 2, 3, 4, 5, 10, 20], 'tune_alpha': False, 'use_opt_alpha': False, 'tune_alpha_tag': '17_tune/cifar10', 'group_task_loss': False}, 'reps': 10, 'seed': 10, 'task': {'n': 50, 'm_n': 2, 'ood': [], 'beta': 'unbiased', 'target': 1, 'augment': False, 'dataset': 'rotated_cifar10', 'ood_env': 45, 'task_map': [[0, 1], [2, 3], [4, 5], [6, 7], [8, 9]], 'target_env': 'None', 'custom_sampler': False}, 'deploy': True, 'device': 'cuda:2', 'ptw_path': 'pretrained_imagenet_1_wrn10_2.pt', 'random_reps': True, 'is_multihead': False, 'eval_at_epoch': False}",32enhecv
33,3,0.3,0.0204,45,"{'run_num': 9, '_runtime': 1115.4684267044067, 'train_acc': 0.845, '_timestamp': 1663950314.5552616, 'm': 300, 'n': 100, '_wandb': {'runtime': 1114}, 'avg_err': 0.3, 'final_test_err': 0.32499999999999996, '_step': 1020, 'epoch': 100, 'std_err': 0.0204, 'train_loss': 0.3892}","{'hp': {'bs': 128, 'lr': 0.01, 'epochs': 100}, 'net': 'wrn10_2', 'ptw': False, 'tag': '06_rotated_cifar10/wrn-10-2', 'loss': {'alpha': 0.5, 'm_n_list': [0, 1, 2, 3, 4, 5, 10, 20], 'tune_alpha': False, 'use_opt_alpha': False, 'tune_alpha_tag': '17_tune/cifar10', 'group_task_loss': False}, 'reps': 10, 'seed': 10, 'task': {'n': 50, 'm_n': 3, 'ood': [], 'beta': 'unbiased', 'target': 1, 'augment': False, 'dataset': 'rotated_cifar10', 'ood_env': 45, 'task_map': [[0, 1], [2, 3], [4, 5], [6, 7], [8, 9]], 'target_env': 'None', 'custom_sampler': False}, 'deploy': True, 'device': 'cuda:2', 'ptw_path': 'pretrained_imagenet_1_wrn10_2.pt', 'random_reps': True, 'is_multihead': False, 'eval_at_epoch': False}",394mdxjp
34,4,0.2986,0.0167,45,"{'run_num': 9, '_runtime': 1141.7611215114594, '_timestamp': 1663950551.3747883, 'std_err': 0.0167, 'train_acc': 0.836, 'm': 400, 'n': 100, '_step': 1020, 'epoch': 100, '_wandb': {'runtime': 1140}, 'avg_err': 0.2986, 'train_loss': 0.3914, 'final_test_err': 0.32099999999999995}","{'hp': {'bs': 128, 'lr': 0.01, 'epochs': 100}, 'net': 'wrn10_2', 'ptw': False, 'tag': '06_rotated_cifar10/wrn-10-2', 'loss': {'alpha': 0.5, 'm_n_list': [0, 1, 2, 3, 4, 5, 10, 20], 'tune_alpha': False, 'use_opt_alpha': False, 'tune_alpha_tag': '17_tune/cifar10', 'group_task_loss': False}, 'reps': 10, 'seed': 10, 'task': {'n': 50, 'm_n': 4, 'ood': [], 'beta': 'unbiased', 'target': 1, 'augment': False, 'dataset': 'rotated_cifar10', 'ood_env': 45, 'task_map': [[0, 1], [2, 3], [4, 5], [6, 7], [8, 9]], 'target_env': 'None', 'custom_sampler': False}, 'deploy': True, 'device': 'cuda:2', 'ptw_path': 'pretrained_imagenet_1_wrn10_2.pt', 'random_reps': True, 'is_multihead': False, 'eval_at_epoch': False}",2dauiba6
35,5,0.3046,0.0205,45,"{'_runtime': 1264.5882098674774, '_timestamp': 1663950731.56704, 'train_loss': 0.3354, 'avg_err': 0.3046, 'run_num': 9, '_step': 1020, 'epoch': 100, '_wandb': {'runtime': 1264}, 'std_err': 0.0205, 'train_acc': 0.875, 'final_test_err': 0.3195, 'm': 500, 'n': 100}","{'hp': {'bs': 128, 'lr': 0.01, 'epochs': 100}, 'net': 'wrn10_2', 'ptw': False, 'tag': '06_rotated_cifar10/wrn-10-2', 'loss': {'alpha': 0.5, 'm_n_list': [0, 1, 2, 3, 4, 5, 10, 20], 'tune_alpha': False, 'use_opt_alpha': False, 'tune_alpha_tag': '17_tune/cifar10', 'group_task_loss': False}, 'reps': 10, 'seed': 10, 'task': {'n': 50, 'm_n': 5, 'ood': [], 'beta': 'unbiased', 'target': 1, 'augment': False, 'dataset': 'rotated_cifar10', 'ood_env': 45, 'task_map': [[0, 1], [2, 3], [4, 5], [6, 7], [8, 9]], 'target_env': 'None', 'custom_sampler': False}, 'deploy': True, 'device': 'cuda:2', 'ptw_path': 'pretrained_imagenet_1_wrn10_2.pt', 'random_reps': True, 'is_multihead': False, 'eval_at_epoch': False}",xqe3sayx
36,10,0.3222,0.0207,45,"{'train_loss': 0.1513, 'n': 100, '_step': 1020, 'epoch': 100, 'run_num': 9, '_runtime': 1359.5595078468325, 'train_acc': 0.9736, '_timestamp': 1663951147.0377498, 'final_test_err': 0.3275, 'm': 1000, '_wandb': {'runtime': 1358}, 'avg_err': 0.3222, 'std_err': 0.0207}","{'hp': {'bs': 128, 'lr': 0.01, 'epochs': 100}, 'net': 'wrn10_2', 'ptw': False, 'tag': '06_rotated_cifar10/wrn-10-2', 'loss': {'alpha': 0.5, 'm_n_list': [0, 1, 2, 3, 4, 5, 10, 20], 'tune_alpha': False, 'use_opt_alpha': False, 'tune_alpha_tag': '17_tune/cifar10', 'group_task_loss': False}, 'reps': 10, 'seed': 10, 'task': {'n': 50, 'm_n': 10, 'ood': [], 'beta': 'unbiased', 'target': 1, 'augment': False, 'dataset': 'rotated_cifar10', 'ood_env': 45, 'task_map': [[0, 1], [2, 3], [4, 5], [6, 7], [8, 9]], 'target_env': 'None', 'custom_sampler': False}, 'deploy': True, 'device': 'cuda:2', 'ptw_path': 'pretrained_imagenet_1_wrn10_2.pt', 'random_reps': True, 'is_multihead': False, 'eval_at_epoch': False}",36uw3pah
37,20,0.3198,0.0183,45,"{'m': 2000, '_step': 1020, '_wandb': {'runtime': 1590}, 'run_num': 9, 'train_acc': 0.9976, 'final_test_err': 0.30900000000000005, 'n': 100, 'epoch': 100, 'avg_err': 0.3198, 'std_err': 0.0183, '_runtime': 1591.1690101623535, '_timestamp': 1663951463.6919413, 'train_loss': 0.0507}","{'hp': {'bs': 128, 'lr': 0.01, 'epochs': 100}, 'net': 'wrn10_2', 'ptw': False, 'tag': '06_rotated_cifar10/wrn-10-2', 'loss': {'alpha': 0.5, 'm_n_list': [0, 1, 2, 3, 4, 5, 10, 20], 'tune_alpha': False, 'use_opt_alpha': False, 'tune_alpha_tag': '17_tune/cifar10', 'group_task_loss': False}, 'reps': 10, 'seed': 10, 'task': {'n': 50, 'm_n': 20, 'ood': [], 'beta': 'unbiased', 'target': 1, 'augment': False, 'dataset': 'rotated_cifar10', 'ood_env': 45, 'task_map': [[0, 1], [2, 3], [4, 5], [6, 7], [8, 9]], 'target_env': 'None', 'custom_sampler': False}, 'deploy': True, 'device': 'cuda:2', 'ptw_path': 'pretrained_imagenet_1_wrn10_2.pt', 'random_reps': True, 'is_multihead': False, 'eval_at_epoch': False}",pjkesbak
38,30,0.3194,0.0121,45,"{'n': 100, '_step': 1020, '_wandb': {'runtime': 1725}, 'std_err': 0.0121, '_runtime': 1737.5208086967468, 'train_acc': 0.9997, 'm': 3000, 'epoch': 100, 'avg_err': 0.3194, 'run_num': 9, '_timestamp': 1663951704.3756156, 'train_loss': 0.0219, 'final_test_err': 0.31100000000000005}","{'hp': {'bs': 128, 'lr': 0.01, 'epochs': 100}, 'net': 'wrn10_2', 'ptw': False, 'tag': '06_rotated_cifar10/wrn-10-2', 'loss': {'alpha': 0.5, 'm_n_list': [0, 1, 2, 3, 4, 5, 10, 20], 'tune_alpha': False, 'use_opt_alpha': False, 'tune_alpha_tag': '17_tune/cifar10', 'group_task_loss': False}, 'reps': 10, 'seed': 10, 'task': {'n': 50, 'm_n': 30, 'ood': [], 'beta': 'unbiased', 'target': 1, 'augment': False, 'dataset': 'rotated_cifar10', 'ood_env': 45, 'task_map': [[0, 1], [2, 3], [4, 5], [6, 7], [8, 9]], 'target_env': 'None', 'custom_sampler': False}, 'deploy': True, 'device': 'cuda:2', 'ptw_path': 'pretrained_imagenet_1_wrn10_2.pt', 'random_reps': True, 'is_multihead': False, 'eval_at_epoch': False}",2uviy3tc
39,40,0.3148,0.0143,45,"{'_timestamp': 1663952048.2141898, 'train_loss': 0.0579, 'm': 4000, '_step': 1020, 'std_err': 0.0143, '_runtime': 1977.5034568309784, 'train_acc': 0.9915, 'final_test_err': 0.2935, 'n': 100, 'epoch': 100, '_wandb': {'runtime': 1976}, 'avg_err': 0.3148, 'run_num': 9}","{'hp': {'bs': 128, 'lr': 0.01, 'epochs': 100}, 'net': 'wrn10_2', 'ptw': False, 'tag': '06_rotated_cifar10/wrn-10-2', 'loss': {'alpha': 0.5, 'm_n_list': [0, 1, 2, 3, 4, 5, 10, 20], 'tune_alpha': False, 'use_opt_alpha': False, 'tune_alpha_tag': '17_tune/cifar10', 'group_task_loss': False}, 'reps': 10, 'seed': 10, 'task': {'n': 50, 'm_n': 40, 'ood': [], 'beta': 'unbiased', 'target': 1, 'augment': False, 'dataset': 'rotated_cifar10', 'ood_env': 45, 'task_map': [[0, 1], [2, 3], [4, 5], [6, 7], [8, 9]], 'target_env': 'None', 'custom_sampler': False}, 'deploy': True, 'device': 'cuda:2', 'ptw_path': 'pretrained_imagenet_1_wrn10_2.pt', 'random_reps': True, 'is_multihead': False, 'eval_at_epoch': False}",1xg87v3x
40,0,0.3798,0.0397,60,"{'final_test_err': 0.35, 'epoch': 100, '_wandb': {'runtime': 948}, 'avg_err': 0.3798, 'std_err': 0.0397, 'train_acc': 0.8, '_timestamp': 1663951120.5424538, 'train_loss': 0.4804, 'm': 0, 'n': 100, '_step': 1020, 'run_num': 9, '_runtime': 949.5836567878724}","{'hp': {'bs': 128, 'lr': 0.01, 'epochs': 100}, 'net': 'wrn10_2', 'ptw': False, 'tag': '06_rotated_cifar10/wrn-10-2', 'loss': {'alpha': 0.5, 'm_n_list': [0, 1, 2, 3, 4, 5, 10, 20], 'tune_alpha': False, 'use_opt_alpha': False, 'tune_alpha_tag': '17_tune/cifar10', 'group_task_loss': False}, 'reps': 10, 'seed': 10, 'task': {'n': 50, 'm_n': 0, 'ood': [], 'beta': 'unbiased', 'target': 1, 'augment': False, 'dataset': 'rotated_cifar10', 'ood_env': 60, 'task_map': [[0, 1], [2, 3], [4, 5], [6, 7], [8, 9]], 'target_env': 'None', 'custom_sampler': False}, 'deploy': True, 'device': 'cuda:2', 'ptw_path': 'pretrained_imagenet_1_wrn10_2.pt', 'random_reps': True, 'is_multihead': False, 'eval_at_epoch': False}",5i4k1zzm
41,1,0.3256,0.0237,60,"{'std_err': 0.0237, 'final_test_err': 0.357, 'm': 100, '_step': 1020, 'avg_err': 0.3256, 'run_num': 9, 'train_acc': 0.74, '_timestamp': 1663951284.2102108, 'train_loss': 0.5492, 'n': 100, 'epoch': 100, '_wandb': {'runtime': 963}, '_runtime': 964.3055398464204}","{'hp': {'bs': 128, 'lr': 0.01, 'epochs': 100}, 'net': 'wrn10_2', 'ptw': False, 'tag': '06_rotated_cifar10/wrn-10-2', 'loss': {'alpha': 0.5, 'm_n_list': [0, 1, 2, 3, 4, 5, 10, 20], 'tune_alpha': False, 'use_opt_alpha': False, 'tune_alpha_tag': '17_tune/cifar10', 'group_task_loss': False}, 'reps': 10, 'seed': 10, 'task': {'n': 50, 'm_n': 1, 'ood': [], 'beta': 'unbiased', 'target': 1, 'augment': False, 'dataset': 'rotated_cifar10', 'ood_env': 60, 'task_map': [[0, 1], [2, 3], [4, 5], [6, 7], [8, 9]], 'target_env': 'None', 'custom_sampler': False}, 'deploy': True, 'device': 'cuda:2', 'ptw_path': 'pretrained_imagenet_1_wrn10_2.pt', 'random_reps': True, 'is_multihead': False, 'eval_at_epoch': False}",7ho0u1q1
42,2,0.3128,0.0165,60,"{'run_num': 9, 'std_err': 0.0165, '_runtime': 974.205470085144, 'final_test_err': 0.3415, '_step': 1020, '_wandb': {'runtime': 973}, 'avg_err': 0.3128, 'train_acc': 0.86, '_timestamp': 1663951366.888389, 'train_loss': 0.3833, 'm': 200, 'n': 100, 'epoch': 100}","{'hp': {'bs': 128, 'lr': 0.01, 'epochs': 100}, 'net': 'wrn10_2', 'ptw': False, 'tag': '06_rotated_cifar10/wrn-10-2', 'loss': {'alpha': 0.5, 'm_n_list': [0, 1, 2, 3, 4, 5, 10, 20], 'tune_alpha': False, 'use_opt_alpha': False, 'tune_alpha_tag': '17_tune/cifar10', 'group_task_loss': False}, 'reps': 10, 'seed': 10, 'task': {'n': 50, 'm_n': 2, 'ood': [], 'beta': 'unbiased', 'target': 1, 'augment': False, 'dataset': 'rotated_cifar10', 'ood_env': 60, 'task_map': [[0, 1], [2, 3], [4, 5], [6, 7], [8, 9]], 'target_env': 'None', 'custom_sampler': False}, 'deploy': True, 'device': 'cuda:2', 'ptw_path': 'pretrained_imagenet_1_wrn10_2.pt', 'random_reps': True, 'is_multihead': False, 'eval_at_epoch': False}",23ul5fx1
43,3,0.3054,0.0175,60,"{'m': 300, 'epoch': 100, '_wandb': {'runtime': 1084}, 'avg_err': 0.3054, 'run_num': 9, 'std_err': 0.0175, '_runtime': 1085.3052253723145, 'n': 100, '_step': 1020, 'train_acc': 0.8625, '_timestamp': 1663951641.6639495, 'train_loss': 0.3732, 'final_test_err': 0.3275}","{'hp': {'bs': 128, 'lr': 0.01, 'epochs': 100}, 'net': 'wrn10_2', 'ptw': False, 'tag': '06_rotated_cifar10/wrn-10-2', 'loss': {'alpha': 0.5, 'm_n_list': [0, 1, 2, 3, 4, 5, 10, 20], 'tune_alpha': False, 'use_opt_alpha': False, 'tune_alpha_tag': '17_tune/cifar10', 'group_task_loss': False}, 'reps': 10, 'seed': 10, 'task': {'n': 50, 'm_n': 3, 'ood': [], 'beta': 'unbiased', 'target': 1, 'augment': False, 'dataset': 'rotated_cifar10', 'ood_env': 60, 'task_map': [[0, 1], [2, 3], [4, 5], [6, 7], [8, 9]], 'target_env': 'None', 'custom_sampler': False}, 'deploy': True, 'device': 'cuda:2', 'ptw_path': 'pretrained_imagenet_1_wrn10_2.pt', 'random_reps': True, 'is_multihead': False, 'eval_at_epoch': False}",abg0c1d3
44,4,0.3001,0.0177,60,"{'m': 400, 'n': 100, '_step': 1020, 'epoch': 100, 'final_test_err': 0.31899999999999995, 'train_loss': 0.36, '_wandb': {'runtime': 1146}, 'avg_err': 0.3001, 'run_num': 9, 'std_err': 0.0177, '_runtime': 1146.9907624721527, 'train_acc': 0.87, '_timestamp': 1663951779.4696224}","{'hp': {'bs': 128, 'lr': 0.01, 'epochs': 100}, 'net': 'wrn10_2', 'ptw': False, 'tag': '06_rotated_cifar10/wrn-10-2', 'loss': {'alpha': 0.5, 'm_n_list': [0, 1, 2, 3, 4, 5, 10, 20], 'tune_alpha': False, 'use_opt_alpha': False, 'tune_alpha_tag': '17_tune/cifar10', 'group_task_loss': False}, 'reps': 10, 'seed': 10, 'task': {'n': 50, 'm_n': 4, 'ood': [], 'beta': 'unbiased', 'target': 1, 'augment': False, 'dataset': 'rotated_cifar10', 'ood_env': 60, 'task_map': [[0, 1], [2, 3], [4, 5], [6, 7], [8, 9]], 'target_env': 'None', 'custom_sampler': False}, 'deploy': True, 'device': 'cuda:2', 'ptw_path': 'pretrained_imagenet_1_wrn10_2.pt', 'random_reps': True, 'is_multihead': False, 'eval_at_epoch': False}",2kvw2lh9
45,5,0.3037,0.0196,60,"{'train_loss': 0.3232, 'm': 500, 'epoch': 100, '_wandb': {'runtime': 1266}, 'avg_err': 0.3037, '_runtime': 1267.6681315898895, '_timestamp': 1663952003.8590186, 'final_test_err': 0.32299999999999995, 'n': 100, '_step': 1020, 'run_num': 9, 'std_err': 0.0196, 'train_acc': 0.8767}","{'hp': {'bs': 128, 'lr': 0.01, 'epochs': 100}, 'net': 'wrn10_2', 'ptw': False, 'tag': '06_rotated_cifar10/wrn-10-2', 'loss': {'alpha': 0.5, 'm_n_list': [0, 1, 2, 3, 4, 5, 10, 20], 'tune_alpha': False, 'use_opt_alpha': False, 'tune_alpha_tag': '17_tune/cifar10', 'group_task_loss': False}, 'reps': 10, 'seed': 10, 'task': {'n': 50, 'm_n': 5, 'ood': [], 'beta': 'unbiased', 'target': 1, 'augment': False, 'dataset': 'rotated_cifar10', 'ood_env': 60, 'task_map': [[0, 1], [2, 3], [4, 5], [6, 7], [8, 9]], 'target_env': 'None', 'custom_sampler': False}, 'deploy': True, 'device': 'cuda:2', 'ptw_path': 'pretrained_imagenet_1_wrn10_2.pt', 'random_reps': True, 'is_multihead': False, 'eval_at_epoch': False}",jn350573
46,10,0.3266,0.0239,60,"{'_timestamp': 1663952446.3005955, 'final_test_err': 0.34650000000000003, 'm': 1000, '_wandb': {'runtime': 1319}, 'avg_err': 0.3266, 'std_err': 0.0239, '_runtime': 1320.297732591629, 'train_acc': 0.9809, 'n': 100, '_step': 1020, 'epoch': 100, 'run_num': 9, 'train_loss': 0.1311}","{'hp': {'bs': 128, 'lr': 0.01, 'epochs': 100}, 'net': 'wrn10_2', 'ptw': False, 'tag': '06_rotated_cifar10/wrn-10-2', 'loss': {'alpha': 0.5, 'm_n_list': [0, 1, 2, 3, 4, 5, 10, 20], 'tune_alpha': False, 'use_opt_alpha': False, 'tune_alpha_tag': '17_tune/cifar10', 'group_task_loss': False}, 'reps': 10, 'seed': 10, 'task': {'n': 50, 'm_n': 10, 'ood': [], 'beta': 'unbiased', 'target': 1, 'augment': False, 'dataset': 'rotated_cifar10', 'ood_env': 60, 'task_map': [[0, 1], [2, 3], [4, 5], [6, 7], [8, 9]], 'target_env': 'None', 'custom_sampler': False}, 'deploy': True, 'device': 'cuda:2', 'ptw_path': 'pretrained_imagenet_1_wrn10_2.pt', 'random_reps': True, 'is_multihead': False, 'eval_at_epoch': False}",2sfo1dij
47,20,0.3415,0.0192,60,"{'_timestamp': 1663952744.363263, 'train_loss': 0.037, 'std_err': 0.0192, 'train_acc': 0.9986, '_step': 1020, 'epoch': 100, '_wandb': {'runtime': 1591}, 'avg_err': 0.3415, 'run_num': 9, '_runtime': 1592.7236516475675, 'm': 2000, 'n': 100, 'final_test_err': 0.3335}","{'hp': {'bs': 128, 'lr': 0.01, 'epochs': 100}, 'net': 'wrn10_2', 'ptw': False, 'tag': '06_rotated_cifar10/wrn-10-2', 'loss': {'alpha': 0.5, 'm_n_list': [0, 1, 2, 3, 4, 5, 10, 20], 'tune_alpha': False, 'use_opt_alpha': False, 'tune_alpha_tag': '17_tune/cifar10', 'group_task_loss': False}, 'reps': 10, 'seed': 10, 'task': {'n': 50, 'm_n': 20, 'ood': [], 'beta': 'unbiased', 'target': 1, 'augment': False, 'dataset': 'rotated_cifar10', 'ood_env': 60, 'task_map': [[0, 1], [2, 3], [4, 5], [6, 7], [8, 9]], 'target_env': 'None', 'custom_sampler': False}, 'deploy': True, 'device': 'cuda:2', 'ptw_path': 'pretrained_imagenet_1_wrn10_2.pt', 'random_reps': True, 'is_multihead': False, 'eval_at_epoch': False}",2721maxl
48,30,0.338,0.0176,60,"{'m': 3000, 'n': 100, 'epoch': 100, 'avg_err': 0.338, '_runtime': 1754.181036233902, '_timestamp': 1663953043.8239453, 'train_loss': 0.0184, '_step': 1020, '_wandb': {'runtime': 1753}, 'run_num': 9, 'std_err': 0.0176, 'train_acc': 0.9994, 'final_test_err': 0.34650000000000003}","{'hp': {'bs': 128, 'lr': 0.01, 'epochs': 100}, 'net': 'wrn10_2', 'ptw': False, 'tag': '06_rotated_cifar10/wrn-10-2', 'loss': {'alpha': 0.5, 'm_n_list': [0, 1, 2, 3, 4, 5, 10, 20], 'tune_alpha': False, 'use_opt_alpha': False, 'tune_alpha_tag': '17_tune/cifar10', 'group_task_loss': False}, 'reps': 10, 'seed': 10, 'task': {'n': 50, 'm_n': 30, 'ood': [], 'beta': 'unbiased', 'target': 1, 'augment': False, 'dataset': 'rotated_cifar10', 'ood_env': 60, 'task_map': [[0, 1], [2, 3], [4, 5], [6, 7], [8, 9]], 'target_env': 'None', 'custom_sampler': False}, 'deploy': True, 'device': 'cuda:2', 'ptw_path': 'pretrained_imagenet_1_wrn10_2.pt', 'random_reps': True, 'is_multihead': False, 'eval_at_epoch': False}",2or65rln
49,40,0.3295,0.0171,60,"{'m': 4000, 'n': 100, 'epoch': 100, 'avg_err': 0.3295, 'std_err': 0.0171, '_runtime': 1963.864514350891, 'train_acc': 0.9966, '_timestamp': 1663953335.527285, '_step': 1020, '_wandb': {'runtime': 1963}, 'run_num': 9, 'train_loss': 0.0453, 'final_test_err': 0.3255}","{'hp': {'bs': 128, 'lr': 0.01, 'epochs': 100}, 'net': 'wrn10_2', 'ptw': False, 'tag': '06_rotated_cifar10/wrn-10-2', 'loss': {'alpha': 0.5, 'm_n_list': [0, 1, 2, 3, 4, 5, 10, 20], 'tune_alpha': False, 'use_opt_alpha': False, 'tune_alpha_tag': '17_tune/cifar10', 'group_task_loss': False}, 'reps': 10, 'seed': 10, 'task': {'n': 50, 'm_n': 40, 'ood': [], 'beta': 'unbiased', 'target': 1, 'augment': False, 'dataset': 'rotated_cifar10', 'ood_env': 60, 'task_map': [[0, 1], [2, 3], [4, 5], [6, 7], [8, 9]], 'target_env': 'None', 'custom_sampler': False}, 'deploy': True, 'device': 'cuda:2', 'ptw_path': 'pretrained_imagenet_1_wrn10_2.pt', 'random_reps': True, 'is_multihead': False, 'eval_at_epoch': False}",3oyyg087
50,0,0.3798,0.0397,90,"{'_step': 1020, 'epoch': 100, '_wandb': {'runtime': 982}, 'run_num': 9, '_timestamp': 1663952452.2059977, 'train_loss': 0.4804, 'final_test_err': 0.35, 'n': 100, 'avg_err': 0.3798, 'std_err': 0.0397, '_runtime': 982.9444506168364, 'train_acc': 0.8, 'm': 0}","{'hp': {'bs': 128, 'lr': 0.01, 'epochs': 100}, 'net': 'wrn10_2', 'ptw': False, 'tag': '06_rotated_cifar10/wrn-10-2', 'loss': {'alpha': 0.5, 'm_n_list': [0, 1, 2, 3, 4, 5, 10, 20], 'tune_alpha': False, 'use_opt_alpha': False, 'tune_alpha_tag': '17_tune/cifar10', 'group_task_loss': False}, 'reps': 10, 'seed': 10, 'task': {'n': 50, 'm_n': 0, 'ood': [], 'beta': 'unbiased', 'target': 1, 'augment': False, 'dataset': 'rotated_cifar10', 'ood_env': 90, 'task_map': [[0, 1], [2, 3], [4, 5], [6, 7], [8, 9]], 'target_env': 'None', 'custom_sampler': False}, 'deploy': True, 'device': 'cuda:2', 'ptw_path': 'pretrained_imagenet_1_wrn10_2.pt', 'random_reps': True, 'is_multihead': False, 'eval_at_epoch': False}",1lb7e209
51,1,0.3352,0.0262,90,"{'std_err': 0.0262, 'train_acc': 0.755, '_timestamp': 1663952588.454251, 'final_test_err': 0.3655000000000001, 'm': 100, 'epoch': 100, 'avg_err': 0.3352, 'run_num': 9, 'train_loss': 0.5219, 'n': 100, '_step': 1020, '_wandb': {'runtime': 940}, '_runtime': 940.6426730155944}","{'hp': {'bs': 128, 'lr': 0.01, 'epochs': 100}, 'net': 'wrn10_2', 'ptw': False, 'tag': '06_rotated_cifar10/wrn-10-2', 'loss': {'alpha': 0.5, 'm_n_list': [0, 1, 2, 3, 4, 5, 10, 20], 'tune_alpha': False, 'use_opt_alpha': False, 'tune_alpha_tag': '17_tune/cifar10', 'group_task_loss': False}, 'reps': 10, 'seed': 10, 'task': {'n': 50, 'm_n': 1, 'ood': [], 'beta': 'unbiased', 'target': 1, 'augment': False, 'dataset': 'rotated_cifar10', 'ood_env': 90, 'task_map': [[0, 1], [2, 3], [4, 5], [6, 7], [8, 9]], 'target_env': 'None', 'custom_sampler': False}, 'deploy': True, 'device': 'cuda:2', 'ptw_path': 'pretrained_imagenet_1_wrn10_2.pt', 'random_reps': True, 'is_multihead': False, 'eval_at_epoch': False}",3uq28gap
52,2,0.3127,0.0232,90,"{'n': 100, 'epoch': 100, '_wandb': {'runtime': 983}, 'run_num': 9, 'std_err': 0.0232, '_runtime': 984.1019308567048, 'train_acc': 0.82, '_timestamp': 1663952692.8168988, 'train_loss': 0.4161, 'final_test_err': 0.34950000000000003, 'm': 200, '_step': 1020, 'avg_err': 0.3127}","{'hp': {'bs': 128, 'lr': 0.01, 'epochs': 100}, 'net': 'wrn10_2', 'ptw': False, 'tag': '06_rotated_cifar10/wrn-10-2', 'loss': {'alpha': 0.5, 'm_n_list': [0, 1, 2, 3, 4, 5, 10, 20], 'tune_alpha': False, 'use_opt_alpha': False, 'tune_alpha_tag': '17_tune/cifar10', 'group_task_loss': False}, 'reps': 10, 'seed': 10, 'task': {'n': 50, 'm_n': 2, 'ood': [], 'beta': 'unbiased', 'target': 1, 'augment': False, 'dataset': 'rotated_cifar10', 'ood_env': 90, 'task_map': [[0, 1], [2, 3], [4, 5], [6, 7], [8, 9]], 'target_env': 'None', 'custom_sampler': False}, 'deploy': True, 'device': 'cuda:2', 'ptw_path': 'pretrained_imagenet_1_wrn10_2.pt', 'random_reps': True, 'is_multihead': False, 'eval_at_epoch': False}",3fsaqpfr
53,3,0.3086,0.0212,90,"{'std_err': 0.0212, '_runtime': 1098.1182515621183, 'train_loss': 0.3999, 'final_test_err': 0.348, 'm': 300, 'n': 100, '_wandb': {'runtime': 1097}, 'run_num': 9, 'train_acc': 0.8275, '_timestamp': 1663952881.6691976, '_step': 1020, 'epoch': 100, 'avg_err': 0.3086}","{'hp': {'bs': 128, 'lr': 0.01, 'epochs': 100}, 'net': 'wrn10_2', 'ptw': False, 'tag': '06_rotated_cifar10/wrn-10-2', 'loss': {'alpha': 0.5, 'm_n_list': [0, 1, 2, 3, 4, 5, 10, 20], 'tune_alpha': False, 'use_opt_alpha': False, 'tune_alpha_tag': '17_tune/cifar10', 'group_task_loss': False}, 'reps': 10, 'seed': 10, 'task': {'n': 50, 'm_n': 3, 'ood': [], 'beta': 'unbiased', 'target': 1, 'augment': False, 'dataset': 'rotated_cifar10', 'ood_env': 90, 'task_map': [[0, 1], [2, 3], [4, 5], [6, 7], [8, 9]], 'target_env': 'None', 'custom_sampler': False}, 'deploy': True, 'device': 'cuda:2', 'ptw_path': 'pretrained_imagenet_1_wrn10_2.pt', 'random_reps': True, 'is_multihead': False, 'eval_at_epoch': False}",2a1ya1v5
54,4,0.3017,0.0173,90,"{'_step': 1020, '_wandb': {'runtime': 1241}, 'std_err': 0.0173, 'train_loss': 0.3832, 'final_test_err': 0.3205, 'm': 400, 'n': 100, 'epoch': 100, 'avg_err': 0.3017, 'run_num': 9, '_runtime': 1242.3974413871765, 'train_acc': 0.848, '_timestamp': 1663953252.3722763}","{'hp': {'bs': 128, 'lr': 0.01, 'epochs': 100}, 'net': 'wrn10_2', 'ptw': False, 'tag': '06_rotated_cifar10/wrn-10-2', 'loss': {'alpha': 0.5, 'm_n_list': [0, 1, 2, 3, 4, 5, 10, 20], 'tune_alpha': False, 'use_opt_alpha': False, 'tune_alpha_tag': '17_tune/cifar10', 'group_task_loss': False}, 'reps': 10, 'seed': 10, 'task': {'n': 50, 'm_n': 4, 'ood': [], 'beta': 'unbiased', 'target': 1, 'augment': False, 'dataset': 'rotated_cifar10', 'ood_env': 90, 'task_map': [[0, 1], [2, 3], [4, 5], [6, 7], [8, 9]], 'target_env': 'None', 'custom_sampler': False}, 'deploy': True, 'device': 'cuda:2', 'ptw_path': 'pretrained_imagenet_1_wrn10_2.pt', 'random_reps': True, 'is_multihead': False, 'eval_at_epoch': False}",2ou4t21n
55,5,0.3067,0.0238,90,"{'n': 100, '_wandb': {'runtime': 1199}, 'run_num': 9, '_runtime': 1199.9959037303925, 'train_acc': 0.895, '_timestamp': 1663953252.9387317, 'train_loss': 0.3098, 'm': 500, '_step': 1020, 'epoch': 100, 'avg_err': 0.3067, 'std_err': 0.0238, 'final_test_err': 0.3235}","{'hp': {'bs': 128, 'lr': 0.01, 'epochs': 100}, 'net': 'wrn10_2', 'ptw': False, 'tag': '06_rotated_cifar10/wrn-10-2', 'loss': {'alpha': 0.5, 'm_n_list': [0, 1, 2, 3, 4, 5, 10, 20], 'tune_alpha': False, 'use_opt_alpha': False, 'tune_alpha_tag': '17_tune/cifar10', 'group_task_loss': False}, 'reps': 10, 'seed': 10, 'task': {'n': 50, 'm_n': 5, 'ood': [], 'beta': 'unbiased', 'target': 1, 'augment': False, 'dataset': 'rotated_cifar10', 'ood_env': 90, 'task_map': [[0, 1], [2, 3], [4, 5], [6, 7], [8, 9]], 'target_env': 'None', 'custom_sampler': False}, 'deploy': True, 'device': 'cuda:2', 'ptw_path': 'pretrained_imagenet_1_wrn10_2.pt', 'random_reps': True, 'is_multihead': False, 'eval_at_epoch': False}",183apjfq
56,10,0.3206,0.0195,90,"{'_runtime': 1317.4199485778809, 'train_acc': 0.95, '_wandb': {'runtime': 1316}, 'avg_err': 0.3206, 'run_num': 9, 'epoch': 100, 'std_err': 0.0195, '_timestamp': 1663953768.794757, 'train_loss': 0.1846, 'final_test_err': 0.3335, 'm': 1000, 'n': 100, '_step': 1020}","{'hp': {'bs': 128, 'lr': 0.01, 'epochs': 100}, 'net': 'wrn10_2', 'ptw': False, 'tag': '06_rotated_cifar10/wrn-10-2', 'loss': {'alpha': 0.5, 'm_n_list': [0, 1, 2, 3, 4, 5, 10, 20], 'tune_alpha': False, 'use_opt_alpha': False, 'tune_alpha_tag': '17_tune/cifar10', 'group_task_loss': False}, 'reps': 10, 'seed': 10, 'task': {'n': 50, 'm_n': 10, 'ood': [], 'beta': 'unbiased', 'target': 1, 'augment': False, 'dataset': 'rotated_cifar10', 'ood_env': 90, 'task_map': [[0, 1], [2, 3], [4, 5], [6, 7], [8, 9]], 'target_env': 'None', 'custom_sampler': False}, 'deploy': True, 'device': 'cuda:2', 'ptw_path': 'pretrained_imagenet_1_wrn10_2.pt', 'random_reps': True, 'is_multihead': False, 'eval_at_epoch': False}",3gptu61x
57,20,0.3352,0.0161,90,"{'_runtime': 1590.6626081466677, 'train_acc': 0.9952, 'final_test_err': 0.33799999999999997, 'n': 100, '_step': 1020, 'epoch': 100, 'avg_err': 0.3352, 'std_err': 0.0161, 'm': 2000, '_wandb': {'runtime': 1590}, 'run_num': 9, '_timestamp': 1663954047.9778872, 'train_loss': 0.0522}","{'hp': {'bs': 128, 'lr': 0.01, 'epochs': 100}, 'net': 'wrn10_2', 'ptw': False, 'tag': '06_rotated_cifar10/wrn-10-2', 'loss': {'alpha': 0.5, 'm_n_list': [0, 1, 2, 3, 4, 5, 10, 20], 'tune_alpha': False, 'use_opt_alpha': False, 'tune_alpha_tag': '17_tune/cifar10', 'group_task_loss': False}, 'reps': 10, 'seed': 10, 'task': {'n': 50, 'm_n': 20, 'ood': [], 'beta': 'unbiased', 'target': 1, 'augment': False, 'dataset': 'rotated_cifar10', 'ood_env': 90, 'task_map': [[0, 1], [2, 3], [4, 5], [6, 7], [8, 9]], 'target_env': 'None', 'custom_sampler': False}, 'deploy': True, 'device': 'cuda:2', 'ptw_path': 'pretrained_imagenet_1_wrn10_2.pt', 'random_reps': True, 'is_multihead': False, 'eval_at_epoch': False}",5w094vtk
58,30,0.3318,0.0164,90,"{'epoch': 100, '_wandb': {'runtime': 1724}, 'avg_err': 0.3318, 'run_num': 9, '_runtime': 1725.0329551696775, '_timestamp': 1663954318.4349651, 'n': 100, '_step': 1020, 'train_acc': 0.999, 'train_loss': 0.0288, 'final_test_err': 0.32699999999999996, 'm': 3000, 'std_err': 0.0164}","{'hp': {'bs': 128, 'lr': 0.01, 'epochs': 100}, 'net': 'wrn10_2', 'ptw': False, 'tag': '06_rotated_cifar10/wrn-10-2', 'loss': {'alpha': 0.5, 'm_n_list': [0, 1, 2, 3, 4, 5, 10, 20], 'tune_alpha': False, 'use_opt_alpha': False, 'tune_alpha_tag': '17_tune/cifar10', 'group_task_loss': False}, 'reps': 10, 'seed': 10, 'task': {'n': 50, 'm_n': 30, 'ood': [], 'beta': 'unbiased', 'target': 1, 'augment': False, 'dataset': 'rotated_cifar10', 'ood_env': 90, 'task_map': [[0, 1], [2, 3], [4, 5], [6, 7], [8, 9]], 'target_env': 'None', 'custom_sampler': False}, 'deploy': True, 'device': 'cuda:2', 'ptw_path': 'pretrained_imagenet_1_wrn10_2.pt', 'random_reps': True, 'is_multihead': False, 'eval_at_epoch': False}",33bx5rm7
59,40,0.3339,0.0126,90,"{'std_err': 0.0126, '_runtime': 1892.8314909935, 'train_loss': 0.0645, 'm': 4000, 'n': 100, '_step': 1020, 'epoch': 100, 'avg_err': 0.3339, '_wandb': {'runtime': 1892}, 'run_num': 9, 'train_acc': 0.9917, '_timestamp': 1663954593.382297, 'final_test_err': 0.3245}","{'hp': {'bs': 128, 'lr': 0.01, 'epochs': 100}, 'net': 'wrn10_2', 'ptw': False, 'tag': '06_rotated_cifar10/wrn-10-2', 'loss': {'alpha': 0.5, 'm_n_list': [0, 1, 2, 3, 4, 5, 10, 20], 'tune_alpha': False, 'use_opt_alpha': False, 'tune_alpha_tag': '17_tune/cifar10', 'group_task_loss': False}, 'reps': 10, 'seed': 10, 'task': {'n': 50, 'm_n': 40, 'ood': [], 'beta': 'unbiased', 'target': 1, 'augment': False, 'dataset': 'rotated_cifar10', 'ood_env': 90, 'task_map': [[0, 1], [2, 3], [4, 5], [6, 7], [8, 9]], 'target_env': 'None', 'custom_sampler': False}, 'deploy': True, 'device': 'cuda:2', 'ptw_path': 'pretrained_imagenet_1_wrn10_2.pt', 'random_reps': True, 'is_multihead': False, 'eval_at_epoch': False}",2myas0z5
60,0,0.3798,0.0397,135,"{'train_acc': 0.8, 'm': 0, 'epoch': 100, '_wandb': {'runtime': 994}, 'avg_err': 0.3798, '_runtime': 994.9283401966096, 'train_loss': 0.4804, 'final_test_err': 0.35, 'n': 100, '_step': 1020, 'run_num': 9, 'std_err': 0.0397, '_timestamp': 1663953744.535112}","{'hp': {'bs': 128, 'lr': 0.01, 'epochs': 100}, 'net': 'wrn10_2', 'ptw': False, 'tag': '06_rotated_cifar10/wrn-10-2', 'loss': {'alpha': 0.5, 'm_n_list': [0, 1, 2, 3, 4, 5, 10, 20], 'tune_alpha': False, 'use_opt_alpha': False, 'tune_alpha_tag': '17_tune/cifar10', 'group_task_loss': False}, 'reps': 10, 'seed': 10, 'task': {'n': 50, 'm_n': 0, 'ood': [], 'beta': 'unbiased', 'target': 1, 'augment': False, 'dataset': 'rotated_cifar10', 'ood_env': 135, 'task_map': [[0, 1], [2, 3], [4, 5], [6, 7], [8, 9]], 'target_env': 'None', 'custom_sampler': False}, 'deploy': True, 'device': 'cuda:2', 'ptw_path': 'pretrained_imagenet_1_wrn10_2.pt', 'random_reps': True, 'is_multihead': False, 'eval_at_epoch': False}",3b7fw1jx
61,1,0.3348,0.0346,135,"{'_wandb': {'runtime': 954}, 'avg_err': 0.3348, 'run_num': 9, 'std_err': 0.0346, '_runtime': 955.6242129802704, '_timestamp': 1663953842.0646849, 'train_loss': 0.5386, 'n': 100, 'final_test_err': 0.365, '_step': 1020, 'epoch': 100, 'train_acc': 0.75, 'm': 100}","{'hp': {'bs': 128, 'lr': 0.01, 'epochs': 100}, 'net': 'wrn10_2', 'ptw': False, 'tag': '06_rotated_cifar10/wrn-10-2', 'loss': {'alpha': 0.5, 'm_n_list': [0, 1, 2, 3, 4, 5, 10, 20], 'tune_alpha': False, 'use_opt_alpha': False, 'tune_alpha_tag': '17_tune/cifar10', 'group_task_loss': False}, 'reps': 10, 'seed': 10, 'task': {'n': 50, 'm_n': 1, 'ood': [], 'beta': 'unbiased', 'target': 1, 'augment': False, 'dataset': 'rotated_cifar10', 'ood_env': 135, 'task_map': [[0, 1], [2, 3], [4, 5], [6, 7], [8, 9]], 'target_env': 'None', 'custom_sampler': False}, 'deploy': True, 'device': 'cuda:2', 'ptw_path': 'pretrained_imagenet_1_wrn10_2.pt', 'random_reps': True, 'is_multihead': False, 'eval_at_epoch': False}",2xnohsoq
62,2,0.3149,0.0266,135,"{'_runtime': 987.4092864990234, '_timestamp': 1663954037.0054414, 'train_loss': 0.4491, 'n': 100, '_step': 1020, 'epoch': 100, 'avg_err': 0.3149, 'std_err': 0.0266, 'm': 200, '_wandb': {'runtime': 986}, 'run_num': 9, 'train_acc': 0.8, 'final_test_err': 0.369}","{'hp': {'bs': 128, 'lr': 0.01, 'epochs': 100}, 'net': 'wrn10_2', 'ptw': False, 'tag': '06_rotated_cifar10/wrn-10-2', 'loss': {'alpha': 0.5, 'm_n_list': [0, 1, 2, 3, 4, 5, 10, 20], 'tune_alpha': False, 'use_opt_alpha': False, 'tune_alpha_tag': '17_tune/cifar10', 'group_task_loss': False}, 'reps': 10, 'seed': 10, 'task': {'n': 50, 'm_n': 2, 'ood': [], 'beta': 'unbiased', 'target': 1, 'augment': False, 'dataset': 'rotated_cifar10', 'ood_env': 135, 'task_map': [[0, 1], [2, 3], [4, 5], [6, 7], [8, 9]], 'target_env': 'None', 'custom_sampler': False}, 'deploy': True, 'device': 'cuda:2', 'ptw_path': 'pretrained_imagenet_1_wrn10_2.pt', 'random_reps': True, 'is_multihead': False, 'eval_at_epoch': False}",3s9y5mub
63,3,0.3164,0.0248,135,"{'_timestamp': 1663954416.3097374, 'm': 300, 'n': 100, '_step': 1020, '_wandb': {'runtime': 1158}, 'avg_err': 0.3164, 'run_num': 9, 'train_acc': 0.82, 'final_test_err': 0.36, 'epoch': 100, 'std_err': 0.0248, '_runtime': 1158.9628293514252, 'train_loss': 0.4299}","{'hp': {'bs': 128, 'lr': 0.01, 'epochs': 100}, 'net': 'wrn10_2', 'ptw': False, 'tag': '06_rotated_cifar10/wrn-10-2', 'loss': {'alpha': 0.5, 'm_n_list': [0, 1, 2, 3, 4, 5, 10, 20], 'tune_alpha': False, 'use_opt_alpha': False, 'tune_alpha_tag': '17_tune/cifar10', 'group_task_loss': False}, 'reps': 10, 'seed': 10, 'task': {'n': 50, 'm_n': 3, 'ood': [], 'beta': 'unbiased', 'target': 1, 'augment': False, 'dataset': 'rotated_cifar10', 'ood_env': 135, 'task_map': [[0, 1], [2, 3], [4, 5], [6, 7], [8, 9]], 'target_env': 'None', 'custom_sampler': False}, 'deploy': True, 'device': 'cuda:2', 'ptw_path': 'pretrained_imagenet_1_wrn10_2.pt', 'random_reps': True, 'is_multihead': False, 'eval_at_epoch': False}",2v4z63wx
64,4,0.3115,0.0222,135,"{'m': 400, 'n': 100, '_wandb': {'runtime': 1141}, 'avg_err': 0.3115, '_timestamp': 1663954400.3451867, 'train_loss': 0.427, 'final_test_err': 0.34299999999999997, '_step': 1020, 'epoch': 100, 'run_num': 9, 'std_err': 0.0222, '_runtime': 1142.2279977798462, 'train_acc': 0.826}","{'hp': {'bs': 128, 'lr': 0.01, 'epochs': 100}, 'net': 'wrn10_2', 'ptw': False, 'tag': '06_rotated_cifar10/wrn-10-2', 'loss': {'alpha': 0.5, 'm_n_list': [0, 1, 2, 3, 4, 5, 10, 20], 'tune_alpha': False, 'use_opt_alpha': False, 'tune_alpha_tag': '17_tune/cifar10', 'group_task_loss': False}, 'reps': 10, 'seed': 10, 'task': {'n': 50, 'm_n': 4, 'ood': [], 'beta': 'unbiased', 'target': 1, 'augment': False, 'dataset': 'rotated_cifar10', 'ood_env': 135, 'task_map': [[0, 1], [2, 3], [4, 5], [6, 7], [8, 9]], 'target_env': 'None', 'custom_sampler': False}, 'deploy': True, 'device': 'cuda:2', 'ptw_path': 'pretrained_imagenet_1_wrn10_2.pt', 'random_reps': True, 'is_multihead': False, 'eval_at_epoch': False}",3rgq0sit
65,5,0.3119,0.0225,135,"{'train_loss': 0.3075, 'final_test_err': 0.3205, 'm': 500, '_step': 1020, 'epoch': 100, '_wandb': {'runtime': 1133}, '_runtime': 1134.1695182323456, 'train_acc': 0.885, 'n': 100, 'avg_err': 0.3119, 'run_num': 9, 'std_err': 0.0225, '_timestamp': 1663954474.8364613}","{'hp': {'bs': 128, 'lr': 0.01, 'epochs': 100}, 'net': 'wrn10_2', 'ptw': False, 'tag': '06_rotated_cifar10/wrn-10-2', 'loss': {'alpha': 0.5, 'm_n_list': [0, 1, 2, 3, 4, 5, 10, 20], 'tune_alpha': False, 'use_opt_alpha': False, 'tune_alpha_tag': '17_tune/cifar10', 'group_task_loss': False}, 'reps': 10, 'seed': 10, 'task': {'n': 50, 'm_n': 5, 'ood': [], 'beta': 'unbiased', 'target': 1, 'augment': False, 'dataset': 'rotated_cifar10', 'ood_env': 135, 'task_map': [[0, 1], [2, 3], [4, 5], [6, 7], [8, 9]], 'target_env': 'None', 'custom_sampler': False}, 'deploy': True, 'device': 'cuda:2', 'ptw_path': 'pretrained_imagenet_1_wrn10_2.pt', 'random_reps': True, 'is_multihead': False, 'eval_at_epoch': False}",2j5epj8d
66,10,0.3304,0.0256,135,"{'train_loss': 0.2028, '_step': 1020, 'epoch': 100, '_wandb': {'runtime': 1143}, 'avg_err': 0.3304, 'run_num': 9, '_runtime': 1143.939401626587, 'm': 1000, 'n': 100, 'std_err': 0.0256, 'train_acc': 0.9455, '_timestamp': 1663954895.0161226, 'final_test_err': 0.3335}","{'hp': {'bs': 128, 'lr': 0.01, 'epochs': 100}, 'net': 'wrn10_2', 'ptw': False, 'tag': '06_rotated_cifar10/wrn-10-2', 'loss': {'alpha': 0.5, 'm_n_list': [0, 1, 2, 3, 4, 5, 10, 20], 'tune_alpha': False, 'use_opt_alpha': False, 'tune_alpha_tag': '17_tune/cifar10', 'group_task_loss': False}, 'reps': 10, 'seed': 10, 'task': {'n': 50, 'm_n': 10, 'ood': [], 'beta': 'unbiased', 'target': 1, 'augment': False, 'dataset': 'rotated_cifar10', 'ood_env': 135, 'task_map': [[0, 1], [2, 3], [4, 5], [6, 7], [8, 9]], 'target_env': 'None', 'custom_sampler': False}, 'deploy': True, 'device': 'cuda:2', 'ptw_path': 'pretrained_imagenet_1_wrn10_2.pt', 'random_reps': True, 'is_multihead': False, 'eval_at_epoch': False}",imup0khk
67,20,0.3483,0.0137,135,"{'train_loss': 0.0481, 'epoch': 100, '_wandb': {'runtime': 1244}, 'run_num': 9, 'std_err': 0.0137, '_runtime': 1244.8378417491913, '_timestamp': 1663955018.849053, 'final_test_err': 0.35, 'm': 2000, 'n': 100, '_step': 1020, 'avg_err': 0.3483, 'train_acc': 0.9967}","{'hp': {'bs': 128, 'lr': 0.01, 'epochs': 100}, 'net': 'wrn10_2', 'ptw': False, 'tag': '06_rotated_cifar10/wrn-10-2', 'loss': {'alpha': 0.5, 'm_n_list': [0, 1, 2, 3, 4, 5, 10, 20], 'tune_alpha': False, 'use_opt_alpha': False, 'tune_alpha_tag': '17_tune/cifar10', 'group_task_loss': False}, 'reps': 10, 'seed': 10, 'task': {'n': 50, 'm_n': 20, 'ood': [], 'beta': 'unbiased', 'target': 1, 'augment': False, 'dataset': 'rotated_cifar10', 'ood_env': 135, 'task_map': [[0, 1], [2, 3], [4, 5], [6, 7], [8, 9]], 'target_env': 'None', 'custom_sampler': False}, 'deploy': True, 'device': 'cuda:2', 'ptw_path': 'pretrained_imagenet_1_wrn10_2.pt', 'random_reps': True, 'is_multihead': False, 'eval_at_epoch': False}",1u95r4d8
68,30,0.3514,0.0204,135,"{'n': 100, '_wandb': {'runtime': 1325}, 'run_num': 9, 'train_acc': 0.9997, '_timestamp': 1663955172.760247, 'train_loss': 0.027, 'm': 3000, '_step': 1020, 'epoch': 100, 'avg_err': 0.3514, 'std_err': 0.0204, '_runtime': 1325.8537890911102, 'final_test_err': 0.358}","{'hp': {'bs': 128, 'lr': 0.01, 'epochs': 100}, 'net': 'wrn10_2', 'ptw': False, 'tag': '06_rotated_cifar10/wrn-10-2', 'loss': {'alpha': 0.5, 'm_n_list': [0, 1, 2, 3, 4, 5, 10, 20], 'tune_alpha': False, 'use_opt_alpha': False, 'tune_alpha_tag': '17_tune/cifar10', 'group_task_loss': False}, 'reps': 10, 'seed': 10, 'task': {'n': 50, 'm_n': 30, 'ood': [], 'beta': 'unbiased', 'target': 1, 'augment': False, 'dataset': 'rotated_cifar10', 'ood_env': 135, 'task_map': [[0, 1], [2, 3], [4, 5], [6, 7], [8, 9]], 'target_env': 'None', 'custom_sampler': False}, 'deploy': True, 'device': 'cuda:2', 'ptw_path': 'pretrained_imagenet_1_wrn10_2.pt', 'random_reps': True, 'is_multihead': False, 'eval_at_epoch': False}",2u4xk298
69,40,0.3521,0.0195,135,"{'m': 4000, 'n': 100, 'avg_err': 0.3521, '_runtime': 1342.9912309646606, 'train_acc': 0.9912, '_timestamp': 1663955385.347303, 'final_test_err': 0.364, '_step': 1020, 'epoch': 100, '_wandb': {'runtime': 1342}, 'run_num': 9, 'std_err': 0.0195, 'train_loss': 0.0631}","{'hp': {'bs': 128, 'lr': 0.01, 'epochs': 100}, 'net': 'wrn10_2', 'ptw': False, 'tag': '06_rotated_cifar10/wrn-10-2', 'loss': {'alpha': 0.5, 'm_n_list': [0, 1, 2, 3, 4, 5, 10, 20], 'tune_alpha': False, 'use_opt_alpha': False, 'tune_alpha_tag': '17_tune/cifar10', 'group_task_loss': False}, 'reps': 10, 'seed': 10, 'task': {'n': 50, 'm_n': 40, 'ood': [], 'beta': 'unbiased', 'target': 1, 'augment': False, 'dataset': 'rotated_cifar10', 'ood_env': 135, 'task_map': [[0, 1], [2, 3], [4, 5], [6, 7], [8, 9]], 'target_env': 'None', 'custom_sampler': False}, 'deploy': True, 'device': 'cuda:2', 'ptw_path': 'pretrained_imagenet_1_wrn10_2.pt', 'random_reps': True, 'is_multihead': False, 'eval_at_epoch': False}",1p20nrpk
