,target,ood,m_n,avg_error,std_error,summary,config,name
0,P,P,10,0.2196,0.0098,"{'m': 300, 'n': 30, 'epoch': 100, 'run_num': 9, 'train_loss': 0.0014, '_step': 1020, '_wandb': {'runtime': 2930}, 'avg_err': 0.2196, 'std_err': 0.0098, '_runtime': 2931.1217608451843, 'train_acc': 1, '_timestamp': 1663549326.007809, 'final_test_err': 0.2257336343115124}","{'hp': {'bs': 16, 'lr': 0.01, 'epochs': 100}, 'net': 'wrn16_4', 'tag': '14_domainbed/3_pacs_wrn16-4', 'loss': {'alpha': 0.5, 'tune_alpha': False, 'group_task_loss': False}, 'reps': 10, 'seed': 10, 'task': {'n': 10, 'm_n': 10, 'ood': [0], 'beta': 'unbiased', 'target': 0, 'augment': False, 'dataset': 'pacs', 'ood_env': 'P', 'task_map': [[0, 1, 4]], 'target_env': 'P', 'custom_sampler': False}, 'deploy': True, 'device': 'cuda:3', 'is_multihead': False, 'eval_at_epoch': False}",1huusoyr
1,P,P,9,0.2314,0.0147,"{'epoch': 100, 'train_acc': 1, '_timestamp': 1663549200.0903594, 'train_loss': 0.0016, 'run_num': 9, 'std_err': 0.0147, '_runtime': 3078.570572376251, 'm': 270, 'n': 30, '_step': 1020, '_wandb': {'runtime': 3077}, 'avg_err': 0.2314, 'final_test_err': 0.24153498871331824}","{'hp': {'bs': 16, 'lr': 0.01, 'epochs': 100}, 'net': 'wrn16_4', 'tag': '14_domainbed/3_pacs_wrn16-4', 'loss': {'alpha': 0.5, 'tune_alpha': False, 'group_task_loss': False}, 'reps': 10, 'seed': 10, 'task': {'n': 10, 'm_n': 9, 'ood': [0], 'beta': 'unbiased', 'target': 0, 'augment': False, 'dataset': 'pacs', 'ood_env': 'P', 'task_map': [[0, 1, 4]], 'target_env': 'P', 'custom_sampler': False}, 'deploy': True, 'device': 'cuda:3', 'is_multihead': False, 'eval_at_epoch': False}",7xjewjle
2,P,P,8,0.2632,0.0108,"{'_timestamp': 1663549036.9802012, 'm': 240, '_step': 1020, 'epoch': 100, '_wandb': {'runtime': 3095}, 'train_acc': 1, 'train_loss': 0.0011, 'final_test_err': 0.2528216704288939, 'n': 30, 'avg_err': 0.2632, 'run_num': 9, 'std_err': 0.0108, '_runtime': 3096.4681062698364}","{'hp': {'bs': 16, 'lr': 0.01, 'epochs': 100}, 'net': 'wrn16_4', 'tag': '14_domainbed/3_pacs_wrn16-4', 'loss': {'alpha': 0.5, 'tune_alpha': False, 'group_task_loss': False}, 'reps': 10, 'seed': 10, 'task': {'n': 10, 'm_n': 8, 'ood': [0], 'beta': 'unbiased', 'target': 0, 'augment': False, 'dataset': 'pacs', 'ood_env': 'P', 'task_map': [[0, 1, 4]], 'target_env': 'P', 'custom_sampler': False}, 'deploy': True, 'device': 'cuda:3', 'is_multihead': False, 'eval_at_epoch': False}",2cnk06hv
3,P,P,7,0.3016,0.0181,"{'n': 30, 'epoch': 100, '_wandb': {'runtime': 3112}, 'std_err': 0.0181, 'final_test_err': 0.3002257336343115, 'train_acc': 1, '_timestamp': 1663548779.6909602, 'train_loss': 0.0014, 'm': 210, '_step': 1020, 'avg_err': 0.3016, 'run_num': 9, '_runtime': 3114.5945460796356}","{'hp': {'bs': 16, 'lr': 0.01, 'epochs': 100}, 'net': 'wrn16_4', 'tag': '14_domainbed/3_pacs_wrn16-4', 'loss': {'alpha': 0.5, 'tune_alpha': False, 'group_task_loss': False}, 'reps': 10, 'seed': 10, 'task': {'n': 10, 'm_n': 7, 'ood': [0], 'beta': 'unbiased', 'target': 0, 'augment': False, 'dataset': 'pacs', 'ood_env': 'P', 'task_map': [[0, 1, 4]], 'target_env': 'P', 'custom_sampler': False}, 'deploy': True, 'device': 'cuda:3', 'is_multihead': False, 'eval_at_epoch': False}",1clm52ec
4,P,P,6,0.3352,0.0241,"{'n': 30, 'epoch': 100, 'avg_err': 0.3352, 'm': 180, '_wandb': {'runtime': 3260}, 'run_num': 9, 'std_err': 0.0241, '_runtime': 3261.057038784027, 'train_acc': 1, '_timestamp': 1663548437.4182017, 'train_loss': 0.0124, '_step': 1020, 'final_test_err': 0.35440180586907444}","{'hp': {'bs': 16, 'lr': 0.01, 'epochs': 100}, 'net': 'wrn16_4', 'tag': '14_domainbed/3_pacs_wrn16-4', 'loss': {'alpha': 0.5, 'tune_alpha': False, 'group_task_loss': False}, 'reps': 10, 'seed': 10, 'task': {'n': 10, 'm_n': 6, 'ood': [0], 'beta': 'unbiased', 'target': 0, 'augment': False, 'dataset': 'pacs', 'ood_env': 'P', 'task_map': [[0, 1, 4]], 'target_env': 'P', 'custom_sampler': False}, 'deploy': True, 'device': 'cuda:3', 'is_multihead': False, 'eval_at_epoch': False}",3ppo5z4m
5,P,P,5,0.365,0.0243,"{'std_err': 0.0243, '_runtime': 2998.5838482379913, '_timestamp': 1663548174.49307, 'final_test_err': 0.381489841986456, 'm': 150, '_step': 1020, 'epoch': 100, 'run_num': 9, 'train_loss': 0.0112, 'n': 30, '_wandb': {'runtime': 2997}, 'avg_err': 0.365, 'train_acc': 1}","{'hp': {'bs': 16, 'lr': 0.01, 'epochs': 100}, 'net': 'wrn16_4', 'tag': '14_domainbed/3_pacs_wrn16-4', 'loss': {'alpha': 0.5, 'tune_alpha': False, 'group_task_loss': False}, 'reps': 10, 'seed': 10, 'task': {'n': 10, 'm_n': 5, 'ood': [0], 'beta': 'unbiased', 'target': 0, 'augment': False, 'dataset': 'pacs', 'ood_env': 'P', 'task_map': [[0, 1, 4]], 'target_env': 'P', 'custom_sampler': False}, 'deploy': True, 'device': 'cuda:3', 'is_multihead': False, 'eval_at_epoch': False}",2ol9gzzp
6,P,P,4,0.3898,0.0278,"{'train_acc': 1, '_step': 1020, 'epoch': 100, 'std_err': 0.0278, 'avg_err': 0.3898, 'run_num': 9, '_runtime': 2805.2269146442413, '_timestamp': 1663547548.3010857, 'train_loss': 0.0065, 'm': 120, 'n': 30, '_wandb': {'runtime': 2804}, 'final_test_err': 0.39503386004514673}","{'hp': {'bs': 16, 'lr': 0.01, 'epochs': 100}, 'net': 'wrn16_4', 'tag': '14_domainbed/3_pacs_wrn16-4', 'loss': {'alpha': 0.5, 'tune_alpha': False, 'group_task_loss': False}, 'reps': 10, 'seed': 10, 'task': {'n': 10, 'm_n': 4, 'ood': [0], 'beta': 'unbiased', 'target': 0, 'augment': False, 'dataset': 'pacs', 'ood_env': 'P', 'task_map': [[0, 1, 4]], 'target_env': 'P', 'custom_sampler': False}, 'deploy': True, 'device': 'cuda:3', 'is_multihead': False, 'eval_at_epoch': False}",3nc2rovc
7,P,P,3,0.4181,0.0285,"{'_timestamp': 1663546703.8301556, 'final_test_err': 0.4085778781038375, 'n': 30, 'epoch': 100, '_wandb': {'runtime': 2436}, 'avg_err': 0.4181, 'train_acc': 1, 'train_loss': 0.0026, 'm': 90, '_step': 1020, 'run_num': 9, 'std_err': 0.0285, '_runtime': 2437.2891716957092}","{'hp': {'bs': 16, 'lr': 0.01, 'epochs': 100}, 'net': 'wrn16_4', 'tag': '14_domainbed/3_pacs_wrn16-4', 'loss': {'alpha': 0.5, 'tune_alpha': False, 'group_task_loss': False}, 'reps': 10, 'seed': 10, 'task': {'n': 10, 'm_n': 3, 'ood': [0], 'beta': 'unbiased', 'target': 0, 'augment': False, 'dataset': 'pacs', 'ood_env': 'P', 'task_map': [[0, 1, 4]], 'target_env': 'P', 'custom_sampler': False}, 'deploy': True, 'device': 'cuda:3', 'is_multihead': False, 'eval_at_epoch': False}",8qp0zuih
8,P,P,2,0.467,0.0192,"{'train_loss': 0.0029, 'm': 60, 'avg_err': 0.467, '_runtime': 1894.5675899982452, 'train_acc': 1, '_timestamp': 1663546116.831816, 'std_err': 0.0192, 'final_test_err': 0.4785553047404063, 'n': 30, '_step': 1020, 'epoch': 100, '_wandb': {'runtime': 1893}, 'run_num': 9}","{'hp': {'bs': 16, 'lr': 0.01, 'epochs': 100}, 'net': 'wrn16_4', 'tag': '14_domainbed/3_pacs_wrn16-4', 'loss': {'alpha': 0.5, 'tune_alpha': False, 'group_task_loss': False}, 'reps': 10, 'seed': 10, 'task': {'n': 10, 'm_n': 2, 'ood': [0], 'beta': 'unbiased', 'target': 0, 'augment': False, 'dataset': 'pacs', 'ood_env': 'P', 'task_map': [[0, 1, 4]], 'target_env': 'P', 'custom_sampler': False}, 'deploy': True, 'device': 'cuda:3', 'is_multihead': False, 'eval_at_epoch': False}",1avr9esc
9,P,P,1,0.514,0.0363,"{'_runtime': 1392.7477223873138, 'train_acc': 1, 'final_test_err': 0.4492099322799097, 'n': 30, 'epoch': 100, '_wandb': {'runtime': 1392}, 'run_num': 9, '_timestamp': 1663545172.0106034, 'train_loss': 0.0244, 'm': 30, '_step': 1020, 'avg_err': 0.514, 'std_err': 0.0363}","{'hp': {'bs': 16, 'lr': 0.01, 'epochs': 100}, 'net': 'wrn16_4', 'tag': '14_domainbed/3_pacs_wrn16-4', 'loss': {'alpha': 0.5, 'tune_alpha': False, 'group_task_loss': False}, 'reps': 10, 'seed': 10, 'task': {'n': 10, 'm_n': 1, 'ood': [0], 'beta': 'unbiased', 'target': 0, 'augment': False, 'dataset': 'pacs', 'ood_env': 'P', 'task_map': [[0, 1, 4]], 'target_env': 'P', 'custom_sampler': False}, 'deploy': True, 'device': 'cuda:3', 'is_multihead': False, 'eval_at_epoch': False}",3jy6eawn
10,P,P,0,0.5801,0.0194,"{'train_acc': 1, '_timestamp': 1663544217.0339851, 'final_test_err': 0.5485327313769752, 'std_err': 0.0194, '_runtime': 906.5099210739136, '_step': 1020, 'epoch': 100, '_wandb': {'runtime': 905}, 'avg_err': 0.5801, 'run_num': 9, 'train_loss': 0.0027, 'm': 0, 'n': 30}","{'hp': {'bs': 16, 'lr': 0.01, 'epochs': 100}, 'net': 'wrn16_4', 'tag': '14_domainbed/3_pacs_wrn16-4', 'loss': {'alpha': 0.5, 'tune_alpha': False, 'group_task_loss': False}, 'reps': 10, 'seed': 10, 'task': {'n': 10, 'm_n': 0, 'ood': [0], 'beta': 'unbiased', 'target': 0, 'augment': False, 'dataset': 'pacs', 'ood_env': 'P', 'task_map': [[0, 1, 4]], 'target_env': 'P', 'custom_sampler': False}, 'deploy': True, 'device': 'cuda:3', 'is_multihead': False, 'eval_at_epoch': False}",utpzwezy
11,P,A,10,0.5492,0.02,"{'std_err': 0.02, '_runtime': 5190.098681211472, 'train_acc': 1, 'final_test_err': 0.5711060948081264, 'avg_err': 0.5492, 'n': 30, '_step': 1020, 'epoch': 100, '_wandb': {'runtime': 5189}, 'run_num': 9, '_timestamp': 1663548055.2930791, 'train_loss': 0.002, 'm': 300}","{'hp': {'bs': 16, 'lr': 0.01, 'epochs': 100}, 'net': 'wrn16_4', 'tag': '14_domainbed/3_pacs_wrn16-4', 'loss': {'alpha': 0.5, 'tune_alpha': False, 'group_task_loss': False}, 'reps': 10, 'seed': 10, 'task': {'n': 10, 'm_n': 10, 'ood': [0], 'beta': 'unbiased', 'target': 0, 'augment': False, 'dataset': 'pacs', 'ood_env': 'A', 'task_map': [[0, 1, 4]], 'target_env': 'P', 'custom_sampler': False}, 'deploy': True, 'device': 'cuda:3', 'is_multihead': False, 'eval_at_epoch': False}",14yt9kul
12,P,A,9,0.5549,0.0166,"{'n': 30, '_step': 1020, 'epoch': 100, 'avg_err': 0.5549, '_runtime': 4933.533407926559, 'final_test_err': 0.5665914221218962, 'm': 270, '_wandb': {'runtime': 4933}, 'run_num': 9, 'std_err': 0.0166, 'train_acc': 1, '_timestamp': 1663546863.751983, 'train_loss': 0.0011}","{'hp': {'bs': 16, 'lr': 0.01, 'epochs': 100}, 'net': 'wrn16_4', 'tag': '14_domainbed/3_pacs_wrn16-4', 'loss': {'alpha': 0.5, 'tune_alpha': False, 'group_task_loss': False}, 'reps': 10, 'seed': 10, 'task': {'n': 10, 'm_n': 9, 'ood': [0], 'beta': 'unbiased', 'target': 0, 'augment': False, 'dataset': 'pacs', 'ood_env': 'A', 'task_map': [[0, 1, 4]], 'target_env': 'P', 'custom_sampler': False}, 'deploy': True, 'device': 'cuda:3', 'is_multihead': False, 'eval_at_epoch': False}",wundajyl
13,P,A,4,0.5677,0.0276,"{'run_num': 9, '_runtime': 2809.1707906723022, '_timestamp': 1663544739.3935206, 'train_loss': 0.0059, 'final_test_err': 0.5733634311512416, '_step': 1020, 'avg_err': 0.5677, 'epoch': 100, '_wandb': {'runtime': 2808}, 'std_err': 0.0276, 'train_acc': 1, 'm': 120, 'n': 30}","{'hp': {'bs': 16, 'lr': 0.01, 'epochs': 100}, 'net': 'wrn16_4', 'tag': '14_domainbed/3_pacs_wrn16-4', 'loss': {'alpha': 0.5, 'tune_alpha': False, 'group_task_loss': False}, 'reps': 10, 'seed': 10, 'task': {'n': 10, 'm_n': 4, 'ood': [0], 'beta': 'unbiased', 'target': 0, 'augment': False, 'dataset': 'pacs', 'ood_env': 'A', 'task_map': [[0, 1, 4]], 'target_env': 'P', 'custom_sampler': False}, 'deploy': True, 'device': 'cuda:3', 'is_multihead': False, 'eval_at_epoch': False}",u2dlwm9f
14,P,A,1,0.5752,0.0349,"{'std_err': 0.0349, 'train_acc': 0.9833, '_timestamp': 1663543304.4253392, 'n': 30, 'epoch': 100, '_wandb': {'runtime': 1373}, 'avg_err': 0.5752, 'train_loss': 0.0553, 'final_test_err': 0.5349887133182845, 'm': 30, '_step': 1020, 'run_num': 9, '_runtime': 1374.126472234726}","{'hp': {'bs': 16, 'lr': 0.01, 'epochs': 100}, 'net': 'wrn16_4', 'tag': '14_domainbed/3_pacs_wrn16-4', 'loss': {'alpha': 0.5, 'tune_alpha': False, 'group_task_loss': False}, 'reps': 10, 'seed': 10, 'task': {'n': 10, 'm_n': 1, 'ood': [0], 'beta': 'unbiased', 'target': 0, 'augment': False, 'dataset': 'pacs', 'ood_env': 'A', 'task_map': [[0, 1, 4]], 'target_env': 'P', 'custom_sampler': False}, 'deploy': True, 'device': 'cuda:3', 'is_multihead': False, 'eval_at_epoch': False}",mhef6m7d
15,P,A,0,0.5801,0.0194,"{'n': 30, 'epoch': 100, '_runtime': 929.8777747154236, 'train_acc': 1, '_timestamp': 1663542860.1041586, 'm': 0, '_step': 1020, '_wandb': {'runtime': 929}, 'avg_err': 0.5801, 'run_num': 9, 'std_err': 0.0194, 'train_loss': 0.0027, 'final_test_err': 0.5485327313769752}","{'hp': {'bs': 16, 'lr': 0.01, 'epochs': 100}, 'net': 'wrn16_4', 'tag': '14_domainbed/3_pacs_wrn16-4', 'loss': {'alpha': 0.5, 'tune_alpha': False, 'group_task_loss': False}, 'reps': 10, 'seed': 10, 'task': {'n': 10, 'm_n': 0, 'ood': [0], 'beta': 'unbiased', 'target': 0, 'augment': False, 'dataset': 'pacs', 'ood_env': 'A', 'task_map': [[0, 1, 4]], 'target_env': 'P', 'custom_sampler': False}, 'deploy': True, 'device': 'cuda:3', 'is_multihead': False, 'eval_at_epoch': False}",3s74loan
16,P,A,5,0.5639,0.0259,"{'_timestamp': 1663545170.6474433, 'final_test_err': 0.5553047404063205, '_wandb': {'runtime': 3239}, 'avg_err': 0.5639, 'run_num': 9, '_runtime': 3240.4200053215027, 'std_err': 0.0259, 'train_acc': 1, 'train_loss': 0.0115, 'm': 150, 'n': 30, '_step': 1020, 'epoch': 100}","{'hp': {'bs': 16, 'lr': 0.01, 'epochs': 100}, 'net': 'wrn16_4', 'tag': '14_domainbed/3_pacs_wrn16-4', 'loss': {'alpha': 0.5, 'tune_alpha': False, 'group_task_loss': False}, 'reps': 10, 'seed': 10, 'task': {'n': 10, 'm_n': 5, 'ood': [0], 'beta': 'unbiased', 'target': 0, 'augment': False, 'dataset': 'pacs', 'ood_env': 'A', 'task_map': [[0, 1, 4]], 'target_env': 'P', 'custom_sampler': False}, 'deploy': True, 'device': 'cuda:3', 'is_multihead': False, 'eval_at_epoch': False}",3mpp7gfn
17,P,A,2,0.5535,0.0326,"{'_runtime': 1843.1438927650452, '_timestamp': 1663543773.3574288, 'train_loss': 0.0035, 'final_test_err': 0.5372460496613995, '_step': 1020, 'epoch': 100, 'avg_err': 0.5535, 'run_num': 9, 'train_acc': 1, 'm': 60, 'n': 30, '_wandb': {'runtime': 1842}, 'std_err': 0.0326}","{'hp': {'bs': 16, 'lr': 0.01, 'epochs': 100}, 'net': 'wrn16_4', 'tag': '14_domainbed/3_pacs_wrn16-4', 'loss': {'alpha': 0.5, 'tune_alpha': False, 'group_task_loss': False}, 'reps': 10, 'seed': 10, 'task': {'n': 10, 'm_n': 2, 'ood': [0], 'beta': 'unbiased', 'target': 0, 'augment': False, 'dataset': 'pacs', 'ood_env': 'A', 'task_map': [[0, 1, 4]], 'target_env': 'P', 'custom_sampler': False}, 'deploy': True, 'device': 'cuda:3', 'is_multihead': False, 'eval_at_epoch': False}",3f9x9oq5
18,P,A,3,0.554,0.0328,"{'run_num': 9, 'std_err': 0.0328, '_timestamp': 1663544259.1494756, 'final_test_err': 0.562076749435666, 'm': 90, '_step': 1020, 'epoch': 100, '_wandb': {'runtime': 2328}, 'avg_err': 0.554, '_runtime': 2328.926657676697, 'train_acc': 1, 'train_loss': 0.0026, 'n': 30}","{'hp': {'bs': 16, 'lr': 0.01, 'epochs': 100}, 'net': 'wrn16_4', 'tag': '14_domainbed/3_pacs_wrn16-4', 'loss': {'alpha': 0.5, 'tune_alpha': False, 'group_task_loss': False}, 'reps': 10, 'seed': 10, 'task': {'n': 10, 'm_n': 3, 'ood': [0], 'beta': 'unbiased', 'target': 0, 'augment': False, 'dataset': 'pacs', 'ood_env': 'A', 'task_map': [[0, 1, 4]], 'target_env': 'P', 'custom_sampler': False}, 'deploy': True, 'device': 'cuda:3', 'is_multihead': False, 'eval_at_epoch': False}",2xbsknmu
19,P,A,8,0.5553,0.0157,"{'train_acc': 1, '_timestamp': 1663546388.260986, 'final_test_err': 0.5688487584650113, 'avg_err': 0.5553, 'run_num': 9, 'std_err': 0.0157, 'm': 240, 'n': 30, '_step': 1020, 'epoch': 100, '_wandb': {'runtime': 4457}, '_runtime': 4458.032444000244, 'train_loss': 0.0009}","{'hp': {'bs': 16, 'lr': 0.01, 'epochs': 100}, 'net': 'wrn16_4', 'tag': '14_domainbed/3_pacs_wrn16-4', 'loss': {'alpha': 0.5, 'tune_alpha': False, 'group_task_loss': False}, 'reps': 10, 'seed': 10, 'task': {'n': 10, 'm_n': 8, 'ood': [0], 'beta': 'unbiased', 'target': 0, 'augment': False, 'dataset': 'pacs', 'ood_env': 'A', 'task_map': [[0, 1, 4]], 'target_env': 'P', 'custom_sampler': False}, 'deploy': True, 'device': 'cuda:3', 'is_multihead': False, 'eval_at_epoch': False}",2u1fp0vh
20,P,A,6,0.5623,0.0255,"{'m': 180, '_step': 1020, 'epoch': 100, 'std_err': 0.0255, '_timestamp': 1663545659.778206, 'train_loss': 0.0105, 'final_test_err': 0.5304740406320542, 'n': 30, '_wandb': {'runtime': 3729}, 'avg_err': 0.5623, 'run_num': 9, '_runtime': 3729.552555799484, 'train_acc': 1}","{'hp': {'bs': 16, 'lr': 0.01, 'epochs': 100}, 'net': 'wrn16_4', 'tag': '14_domainbed/3_pacs_wrn16-4', 'loss': {'alpha': 0.5, 'tune_alpha': False, 'group_task_loss': False}, 'reps': 10, 'seed': 10, 'task': {'n': 10, 'm_n': 6, 'ood': [0], 'beta': 'unbiased', 'target': 0, 'augment': False, 'dataset': 'pacs', 'ood_env': 'A', 'task_map': [[0, 1, 4]], 'target_env': 'P', 'custom_sampler': False}, 'deploy': True, 'device': 'cuda:3', 'is_multihead': False, 'eval_at_epoch': False}",2gazn4j2
21,P,A,7,0.5562,0.0166,"{'avg_err': 0.5562, 'run_num': 9, 'std_err': 0.0166, '_runtime': 4003.54239821434, 'train_acc': 1, '_timestamp': 1663545933.767172, 'n': 30, 'epoch': 100, '_wandb': {'runtime': 4003}, 'train_loss': 0.0016, 'final_test_err': 0.5507900677200903, 'm': 210, '_step': 1020}","{'hp': {'bs': 16, 'lr': 0.01, 'epochs': 100}, 'net': 'wrn16_4', 'tag': '14_domainbed/3_pacs_wrn16-4', 'loss': {'alpha': 0.5, 'tune_alpha': False, 'group_task_loss': False}, 'reps': 10, 'seed': 10, 'task': {'n': 10, 'm_n': 7, 'ood': [0], 'beta': 'unbiased', 'target': 0, 'augment': False, 'dataset': 'pacs', 'ood_env': 'A', 'task_map': [[0, 1, 4]], 'target_env': 'P', 'custom_sampler': False}, 'deploy': True, 'device': 'cuda:3', 'is_multihead': False, 'eval_at_epoch': False}",2fecvtpw
22,P,S,10,0.6151,0.0246,"{'m': 300, 'n': 30, '_step': 1020, 'avg_err': 0.6151, '_runtime': 2898.321065425873, 'train_acc': 1, '_timestamp': 1663539453.9688623, 'train_loss': 0.0016, 'epoch': 100, '_wandb': {'runtime': 2897}, 'run_num': 9, 'std_err': 0.0246, 'final_test_err': 0.5756207674943566}","{'hp': {'bs': 16, 'lr': 0.01, 'epochs': 100}, 'net': 'wrn16_4', 'tag': '14_domainbed/3_pacs_wrn16-4', 'loss': {'alpha': 0.5, 'tune_alpha': False, 'group_task_loss': False}, 'reps': 10, 'seed': 10, 'task': {'n': 10, 'm_n': 10, 'ood': [0], 'beta': 'unbiased', 'target': 0, 'augment': False, 'dataset': 'pacs', 'ood_env': 'S', 'task_map': [[0, 1, 4]], 'target_env': 'P', 'custom_sampler': False}, 'deploy': True, 'device': 'cuda:3', 'is_multihead': False, 'eval_at_epoch': False}",2i3wsnzi
23,P,S,9,0.6163,0.0214,"{'n': 30, 'train_loss': 0.0012, 'final_test_err': 0.5981941309255079, 'avg_err': 0.6163, 'run_num': 9, 'std_err': 0.0214, '_runtime': 3031.805806159973, 'm': 270, '_step': 1020, 'epoch': 100, '_wandb': {'runtime': 3030}, 'train_acc': 1, '_timestamp': 1663539327.710648}","{'hp': {'bs': 16, 'lr': 0.01, 'epochs': 100}, 'net': 'wrn16_4', 'tag': '14_domainbed/3_pacs_wrn16-4', 'loss': {'alpha': 0.5, 'tune_alpha': False, 'group_task_loss': False}, 'reps': 10, 'seed': 10, 'task': {'n': 10, 'm_n': 9, 'ood': [0], 'beta': 'unbiased', 'target': 0, 'augment': False, 'dataset': 'pacs', 'ood_env': 'S', 'task_map': [[0, 1, 4]], 'target_env': 'P', 'custom_sampler': False}, 'deploy': True, 'device': 'cuda:3', 'is_multihead': False, 'eval_at_epoch': False}",2z0f7m8y
24,P,S,8,0.6226,0.0298,"{'epoch': 100, '_wandb': {'runtime': 3094}, 'avg_err': 0.6226, 'std_err': 0.0298, '_runtime': 3095.2416524887085, '_timestamp': 1663539123.9332085, 'train_loss': 0.001, 'm': 240, 'n': 30, '_step': 1020, 'run_num': 9, 'train_acc': 1, 'final_test_err': 0.5914221218961626}","{'hp': {'bs': 16, 'lr': 0.01, 'epochs': 100}, 'net': 'wrn16_4', 'tag': '14_domainbed/3_pacs_wrn16-4', 'loss': {'alpha': 0.5, 'tune_alpha': False, 'group_task_loss': False}, 'reps': 10, 'seed': 10, 'task': {'n': 10, 'm_n': 8, 'ood': [0], 'beta': 'unbiased', 'target': 0, 'augment': False, 'dataset': 'pacs', 'ood_env': 'S', 'task_map': [[0, 1, 4]], 'target_env': 'P', 'custom_sampler': False}, 'deploy': True, 'device': 'cuda:3', 'is_multihead': False, 'eval_at_epoch': False}",1ko9h7lf
25,P,S,7,0.609,0.0305,"{'avg_err': 0.609, 'std_err': 0.0305, '_runtime': 3100.7699961662292, '_timestamp': 1663538888.740822, 'm': 210, 'n': 30, 'epoch': 100, '_wandb': {'runtime': 3099}, 'final_test_err': 0.5643340857787811, '_step': 1020, 'run_num': 9, 'train_acc': 1, 'train_loss': 0.0018}","{'hp': {'bs': 16, 'lr': 0.01, 'epochs': 100}, 'net': 'wrn16_4', 'tag': '14_domainbed/3_pacs_wrn16-4', 'loss': {'alpha': 0.5, 'tune_alpha': False, 'group_task_loss': False}, 'reps': 10, 'seed': 10, 'task': {'n': 10, 'm_n': 7, 'ood': [0], 'beta': 'unbiased', 'target': 0, 'augment': False, 'dataset': 'pacs', 'ood_env': 'S', 'task_map': [[0, 1, 4]], 'target_env': 'P', 'custom_sampler': False}, 'deploy': True, 'device': 'cuda:3', 'is_multihead': False, 'eval_at_epoch': False}",p00pwv33
26,P,S,6,0.6219,0.0284,"{'_step': 1020, 'run_num': 9, '_timestamp': 1663538577.2702456, 'std_err': 0.0284, '_runtime': 3226.7324166297913, 'train_acc': 0.9952, 'm': 180, 'n': 30, 'epoch': 100, '_wandb': {'runtime': 3225}, 'avg_err': 0.6219, 'train_loss': 0.0317, 'final_test_err': 0.5846501128668171}","{'hp': {'bs': 16, 'lr': 0.01, 'epochs': 100}, 'net': 'wrn16_4', 'tag': '14_domainbed/3_pacs_wrn16-4', 'loss': {'alpha': 0.5, 'tune_alpha': False, 'group_task_loss': False}, 'reps': 10, 'seed': 10, 'task': {'n': 10, 'm_n': 6, 'ood': [0], 'beta': 'unbiased', 'target': 0, 'augment': False, 'dataset': 'pacs', 'ood_env': 'S', 'task_map': [[0, 1, 4]], 'target_env': 'P', 'custom_sampler': False}, 'deploy': True, 'device': 'cuda:3', 'is_multihead': False, 'eval_at_epoch': False}",8k23k7ys
27,P,S,5,0.6093,0.0252,"{'_step': 1020, 'run_num': 9, '_runtime': 2997.600568294525, '_timestamp': 1663538296.4283314, 'final_test_err': 0.5936794582392777, 'm': 150, 'epoch': 100, '_wandb': {'runtime': 2996}, 'avg_err': 0.6093, 'std_err': 0.0252, 'train_acc': 0.9944, 'train_loss': 0.013, 'n': 30}","{'hp': {'bs': 16, 'lr': 0.01, 'epochs': 100}, 'net': 'wrn16_4', 'tag': '14_domainbed/3_pacs_wrn16-4', 'loss': {'alpha': 0.5, 'tune_alpha': False, 'group_task_loss': False}, 'reps': 10, 'seed': 10, 'task': {'n': 10, 'm_n': 5, 'ood': [0], 'beta': 'unbiased', 'target': 0, 'augment': False, 'dataset': 'pacs', 'ood_env': 'S', 'task_map': [[0, 1, 4]], 'target_env': 'P', 'custom_sampler': False}, 'deploy': True, 'device': 'cuda:3', 'is_multihead': False, 'eval_at_epoch': False}",1io3mli7
28,P,S,4,0.6151,0.0222,"{'_wandb': {'runtime': 2773}, 'run_num': 9, 'std_err': 0.0222, 'train_loss': 0.0067, 'epoch': 100, 'n': 30, '_step': 1020, 'avg_err': 0.6151, '_runtime': 2773.9188737869263, 'train_acc': 1, '_timestamp': 1663537609.9228587, 'final_test_err': 0.5869074492099322, 'm': 120}","{'hp': {'bs': 16, 'lr': 0.01, 'epochs': 100}, 'net': 'wrn16_4', 'tag': '14_domainbed/3_pacs_wrn16-4', 'loss': {'alpha': 0.5, 'tune_alpha': False, 'group_task_loss': False}, 'reps': 10, 'seed': 10, 'task': {'n': 10, 'm_n': 4, 'ood': [0], 'beta': 'unbiased', 'target': 0, 'augment': False, 'dataset': 'pacs', 'ood_env': 'S', 'task_map': [[0, 1, 4]], 'target_env': 'P', 'custom_sampler': False}, 'deploy': True, 'device': 'cuda:3', 'is_multihead': False, 'eval_at_epoch': False}",2ozfk5mc
29,P,S,3,0.6034,0.0199,"{'std_err': 0.0199, '_step': 1020, 'avg_err': 0.6034, 'run_num': 9, '_wandb': {'runtime': 2410}, '_runtime': 2411.491508960724, 'train_acc': 1, '_timestamp': 1663536778.934187, 'train_loss': 0.0054, 'm': 90, 'n': 30, 'epoch': 100, 'final_test_err': 0.5914221218961626}","{'hp': {'bs': 16, 'lr': 0.01, 'epochs': 100}, 'net': 'wrn16_4', 'tag': '14_domainbed/3_pacs_wrn16-4', 'loss': {'alpha': 0.5, 'tune_alpha': False, 'group_task_loss': False}, 'reps': 10, 'seed': 10, 'task': {'n': 10, 'm_n': 3, 'ood': [0], 'beta': 'unbiased', 'target': 0, 'augment': False, 'dataset': 'pacs', 'ood_env': 'S', 'task_map': [[0, 1, 4]], 'target_env': 'P', 'custom_sampler': False}, 'deploy': True, 'device': 'cuda:3', 'is_multihead': False, 'eval_at_epoch': False}",bvrv36wv
30,P,S,2,0.5795,0.0311,"{'n': 30, 'epoch': 100, 'run_num': 9, '_runtime': 1924.4604358673096, '_timestamp': 1663536290.75798, 'train_loss': 0.0032, 'final_test_err': 0.5981941309255079, 'm': 60, '_step': 1020, '_wandb': {'runtime': 1923}, 'avg_err': 0.5795, 'std_err': 0.0311, 'train_acc': 1}","{'hp': {'bs': 16, 'lr': 0.01, 'epochs': 100}, 'net': 'wrn16_4', 'tag': '14_domainbed/3_pacs_wrn16-4', 'loss': {'alpha': 0.5, 'tune_alpha': False, 'group_task_loss': False}, 'reps': 10, 'seed': 10, 'task': {'n': 10, 'm_n': 2, 'ood': [0], 'beta': 'unbiased', 'target': 0, 'augment': False, 'dataset': 'pacs', 'ood_env': 'S', 'task_map': [[0, 1, 4]], 'target_env': 'P', 'custom_sampler': False}, 'deploy': True, 'device': 'cuda:3', 'is_multihead': False, 'eval_at_epoch': False}",2nisbvh1
31,P,S,1,0.5648,0.0158,"{'std_err': 0.0158, '_runtime': 1423.641615152359, 'train_acc': 1, '_timestamp': 1663535346.618611, 'train_loss': 0.0263, 'final_test_err': 0.5575620767494356, 'epoch': 100, 'n': 30, '_step': 1020, '_wandb': {'runtime': 1422}, 'avg_err': 0.5648, 'run_num': 9, 'm': 30}","{'hp': {'bs': 16, 'lr': 0.01, 'epochs': 100}, 'net': 'wrn16_4', 'tag': '14_domainbed/3_pacs_wrn16-4', 'loss': {'alpha': 0.5, 'tune_alpha': False, 'group_task_loss': False}, 'reps': 10, 'seed': 10, 'task': {'n': 10, 'm_n': 1, 'ood': [0], 'beta': 'unbiased', 'target': 0, 'augment': False, 'dataset': 'pacs', 'ood_env': 'S', 'task_map': [[0, 1, 4]], 'target_env': 'P', 'custom_sampler': False}, 'deploy': True, 'device': 'cuda:3', 'is_multihead': False, 'eval_at_epoch': False}",nykk378c
32,P,S,0,0.5801,0.0194,"{'n': 30, '_wandb': {'runtime': 918}, 'avg_err': 0.5801, 'run_num': 9, 'std_err': 0.0194, '_timestamp': 1663534362.1325734, 'train_loss': 0.0027, 'm': 0, 'epoch': 100, '_runtime': 919.0305123329164, 'train_acc': 1, 'final_test_err': 0.5485327313769752, '_step': 1020}","{'hp': {'bs': 16, 'lr': 0.01, 'epochs': 100}, 'net': 'wrn16_4', 'tag': '14_domainbed/3_pacs_wrn16-4', 'loss': {'alpha': 0.5, 'tune_alpha': False, 'group_task_loss': False}, 'reps': 10, 'seed': 10, 'task': {'n': 10, 'm_n': 0, 'ood': [0], 'beta': 'unbiased', 'target': 0, 'augment': False, 'dataset': 'pacs', 'ood_env': 'S', 'task_map': [[0, 1, 4]], 'target_env': 'P', 'custom_sampler': False}, 'deploy': True, 'device': 'cuda:3', 'is_multihead': False, 'eval_at_epoch': False}",27tm47sw
33,P,C,10,0.5747,0.0364,"{'m': 300, 'n': 30, 'epoch': 100, 'std_err': 0.0364, 'train_acc': 1, '_timestamp': 1663538120.021294, 'train_loss': 0.0023, 'final_test_err': 0.5778781038374718, '_step': 1020, '_wandb': {'runtime': 5140}, 'avg_err': 0.5747, 'run_num': 9, '_runtime': 5141.874821901321}","{'hp': {'bs': 16, 'lr': 0.01, 'epochs': 100}, 'net': 'wrn16_4', 'tag': '14_domainbed/3_pacs_wrn16-4', 'loss': {'alpha': 0.5, 'tune_alpha': False, 'group_task_loss': False}, 'reps': 10, 'seed': 10, 'task': {'n': 10, 'm_n': 10, 'ood': [0], 'beta': 'unbiased', 'target': 0, 'augment': False, 'dataset': 'pacs', 'ood_env': 'C', 'task_map': [[0, 1, 4]], 'target_env': 'P', 'custom_sampler': False}, 'deploy': True, 'device': 'cuda:3', 'is_multihead': False, 'eval_at_epoch': False}",231xma14
34,P,C,0,0.5801,0.0194,"{'final_test_err': 0.5485327313769752, 'm': 0, 'n': 30, '_wandb': {'runtime': 914}, 'run_num': 9, 'train_acc': 1, '_timestamp': 1663532972.3107195, 'train_loss': 0.0027, '_step': 1020, 'epoch': 100, 'avg_err': 0.5801, 'std_err': 0.0194, '_runtime': 914.9342906475068}","{'hp': {'bs': 16, 'lr': 0.01, 'epochs': 100}, 'net': 'wrn16_4', 'tag': '14_domainbed/3_pacs_wrn16-4', 'loss': {'alpha': 0.5, 'tune_alpha': False, 'group_task_loss': False}, 'reps': 10, 'seed': 10, 'task': {'n': 10, 'm_n': 0, 'ood': [0], 'beta': 'unbiased', 'target': 0, 'augment': False, 'dataset': 'pacs', 'ood_env': 'C', 'task_map': [[0, 1, 4]], 'target_env': 'P', 'custom_sampler': False}, 'deploy': True, 'device': 'cuda:3', 'is_multihead': False, 'eval_at_epoch': False}",cu5o39ge
35,P,C,8,0.5777,0.0279,"{'epoch': 100, '_wandb': {'runtime': 4490}, 'run_num': 9, 'std_err': 0.0279, '_runtime': 4491.020532846451, 'train_loss': 0.0014, 'm': 240, 'n': 30, '_step': 1020, 'avg_err': 0.5777, 'train_acc': 1, '_timestamp': 1663536548.481984, 'final_test_err': 0.5553047404063205}","{'hp': {'bs': 16, 'lr': 0.01, 'epochs': 100}, 'net': 'wrn16_4', 'tag': '14_domainbed/3_pacs_wrn16-4', 'loss': {'alpha': 0.5, 'tune_alpha': False, 'group_task_loss': False}, 'reps': 10, 'seed': 10, 'task': {'n': 10, 'm_n': 8, 'ood': [0], 'beta': 'unbiased', 'target': 0, 'augment': False, 'dataset': 'pacs', 'ood_env': 'C', 'task_map': [[0, 1, 4]], 'target_env': 'P', 'custom_sampler': False}, 'deploy': True, 'device': 'cuda:3', 'is_multihead': False, 'eval_at_epoch': False}",7uqavyyn
36,P,C,1,0.5686,0.0199,"{'epoch': 100, 'avg_err': 0.5686, 'run_num': 9, 'std_err': 0.0199, '_runtime': 1379.5585613250732, 'train_acc': 1, 'm': 30, 'n': 30, '_step': 1020, '_wandb': {'runtime': 1379}, '_timestamp': 1663533436.9243524, 'train_loss': 0.0332, 'final_test_err': 0.5372460496613995}","{'hp': {'bs': 16, 'lr': 0.01, 'epochs': 100}, 'net': 'wrn16_4', 'tag': '14_domainbed/3_pacs_wrn16-4', 'loss': {'alpha': 0.5, 'tune_alpha': False, 'group_task_loss': False}, 'reps': 10, 'seed': 10, 'task': {'n': 10, 'm_n': 1, 'ood': [0], 'beta': 'unbiased', 'target': 0, 'augment': False, 'dataset': 'pacs', 'ood_env': 'C', 'task_map': [[0, 1, 4]], 'target_env': 'P', 'custom_sampler': False}, 'deploy': True, 'device': 'cuda:3', 'is_multihead': False, 'eval_at_epoch': False}",3ld7celi
37,P,C,9,0.5722,0.0369,"{'final_test_err': 0.5395033860045146, 'm': 270, '_step': 1020, 'avg_err': 0.5722, 'run_num': 9, '_timestamp': 1663536991.5687988, 'train_acc': 1, 'train_loss': 0.0018, 'n': 30, 'epoch': 100, '_wandb': {'runtime': 4933}, 'std_err': 0.0369, '_runtime': 4934.192334890366}","{'hp': {'bs': 16, 'lr': 0.01, 'epochs': 100}, 'net': 'wrn16_4', 'tag': '14_domainbed/3_pacs_wrn16-4', 'loss': {'alpha': 0.5, 'tune_alpha': False, 'group_task_loss': False}, 'reps': 10, 'seed': 10, 'task': {'n': 10, 'm_n': 9, 'ood': [0], 'beta': 'unbiased', 'target': 0, 'augment': False, 'dataset': 'pacs', 'ood_env': 'C', 'task_map': [[0, 1, 4]], 'target_env': 'P', 'custom_sampler': False}, 'deploy': True, 'device': 'cuda:3', 'is_multihead': False, 'eval_at_epoch': False}",3brdg5og
38,P,C,2,0.5684,0.0189,"{'m': 60, 'n': 30, 'avg_err': 0.5684, 'run_num': 9, 'train_acc': 1, '_timestamp': 1663533914.975258, 'train_loss': 0.0067, '_step': 1020, 'epoch': 100, '_wandb': {'runtime': 1857}, 'std_err': 0.0189, '_runtime': 1857.601140975952, 'final_test_err': 0.54627539503386}","{'hp': {'bs': 16, 'lr': 0.01, 'epochs': 100}, 'net': 'wrn16_4', 'tag': '14_domainbed/3_pacs_wrn16-4', 'loss': {'alpha': 0.5, 'tune_alpha': False, 'group_task_loss': False}, 'reps': 10, 'seed': 10, 'task': {'n': 10, 'm_n': 2, 'ood': [0], 'beta': 'unbiased', 'target': 0, 'augment': False, 'dataset': 'pacs', 'ood_env': 'C', 'task_map': [[0, 1, 4]], 'target_env': 'P', 'custom_sampler': False}, 'deploy': True, 'device': 'cuda:3', 'is_multihead': False, 'eval_at_epoch': False}",38zag88d
39,P,C,4,0.5795,0.0167,"{'epoch': 100, 'run_num': 9, 'std_err': 0.0167, 'train_acc': 1, '_timestamp': 1663534831.7994304, 'train_loss': 0.0109, 'final_test_err': 0.5846501128668171, '_step': 1020, 'n': 30, '_wandb': {'runtime': 2774}, 'avg_err': 0.5795, '_runtime': 2774.4220173358917, 'm': 120}","{'hp': {'bs': 16, 'lr': 0.01, 'epochs': 100}, 'net': 'wrn16_4', 'tag': '14_domainbed/3_pacs_wrn16-4', 'loss': {'alpha': 0.5, 'tune_alpha': False, 'group_task_loss': False}, 'reps': 10, 'seed': 10, 'task': {'n': 10, 'm_n': 4, 'ood': [0], 'beta': 'unbiased', 'target': 0, 'augment': False, 'dataset': 'pacs', 'ood_env': 'C', 'task_map': [[0, 1, 4]], 'target_env': 'P', 'custom_sampler': False}, 'deploy': True, 'device': 'cuda:3', 'is_multihead': False, 'eval_at_epoch': False}",1l7ay7jj
40,P,C,5,0.5686,0.0242,"{'_step': 1020, 'run_num': 9, '_runtime': 3236.3375096321106, 'train_acc': 1, '_timestamp': 1663535294.0161517, 'train_loss': 0.0124, 'm': 150, 'epoch': 100, '_wandb': {'runtime': 3235}, 'avg_err': 0.5686, 'std_err': 0.0242, 'final_test_err': 0.582392776523702, 'n': 30}","{'hp': {'bs': 16, 'lr': 0.01, 'epochs': 100}, 'net': 'wrn16_4', 'tag': '14_domainbed/3_pacs_wrn16-4', 'loss': {'alpha': 0.5, 'tune_alpha': False, 'group_task_loss': False}, 'reps': 10, 'seed': 10, 'task': {'n': 10, 'm_n': 5, 'ood': [0], 'beta': 'unbiased', 'target': 0, 'augment': False, 'dataset': 'pacs', 'ood_env': 'C', 'task_map': [[0, 1, 4]], 'target_env': 'P', 'custom_sampler': False}, 'deploy': True, 'device': 'cuda:3', 'is_multihead': False, 'eval_at_epoch': False}",1gc3fhwg
41,P,C,3,0.5684,0.0136,"{'avg_err': 0.5684, 'run_num': 9, 'std_err': 0.0136, '_runtime': 2303.719673871994, 'train_acc': 1, 'm': 90, '_step': 1020, 'epoch': 100, 'train_loss': 0.007, 'final_test_err': 0.5665914221218962, 'n': 30, '_wandb': {'runtime': 2303}, '_timestamp': 1663534361.096849}","{'hp': {'bs': 16, 'lr': 0.01, 'epochs': 100}, 'net': 'wrn16_4', 'tag': '14_domainbed/3_pacs_wrn16-4', 'loss': {'alpha': 0.5, 'tune_alpha': False, 'group_task_loss': False}, 'reps': 10, 'seed': 10, 'task': {'n': 10, 'm_n': 3, 'ood': [0], 'beta': 'unbiased', 'target': 0, 'augment': False, 'dataset': 'pacs', 'ood_env': 'C', 'task_map': [[0, 1, 4]], 'target_env': 'P', 'custom_sampler': False}, 'deploy': True, 'device': 'cuda:3', 'is_multihead': False, 'eval_at_epoch': False}",1etfl25j
42,P,C,6,0.5822,0.0219,"{'std_err': 0.0219, 'train_acc': 1, '_timestamp': 1663535782.0449424, 'train_loss': 0.0084, '_step': 1020, 'epoch': 100, '_wandb': {'runtime': 3724}, 'avg_err': 0.5822, 'final_test_err': 0.5891647855530474, 'm': 180, 'n': 30, 'run_num': 9, '_runtime': 3724.6707813739777}","{'hp': {'bs': 16, 'lr': 0.01, 'epochs': 100}, 'net': 'wrn16_4', 'tag': '14_domainbed/3_pacs_wrn16-4', 'loss': {'alpha': 0.5, 'tune_alpha': False, 'group_task_loss': False}, 'reps': 10, 'seed': 10, 'task': {'n': 10, 'm_n': 6, 'ood': [0], 'beta': 'unbiased', 'target': 0, 'augment': False, 'dataset': 'pacs', 'ood_env': 'C', 'task_map': [[0, 1, 4]], 'target_env': 'P', 'custom_sampler': False}, 'deploy': True, 'device': 'cuda:3', 'is_multihead': False, 'eval_at_epoch': False}",1bvktoxb
43,P,C,7,0.5747,0.0215,"{'train_acc': 1, '_timestamp': 1663536023.591858, 'train_loss': 0.0026, 'm': 210, 'avg_err': 0.5747, 'std_err': 0.0215, '_wandb': {'runtime': 3965}, 'run_num': 9, '_runtime': 3966.214015960694, 'final_test_err': 0.5778781038374718, 'n': 30, '_step': 1020, 'epoch': 100}","{'hp': {'bs': 16, 'lr': 0.01, 'epochs': 100}, 'net': 'wrn16_4', 'tag': '14_domainbed/3_pacs_wrn16-4', 'loss': {'alpha': 0.5, 'tune_alpha': False, 'group_task_loss': False}, 'reps': 10, 'seed': 10, 'task': {'n': 10, 'm_n': 7, 'ood': [0], 'beta': 'unbiased', 'target': 0, 'augment': False, 'dataset': 'pacs', 'ood_env': 'C', 'task_map': [[0, 1, 4]], 'target_env': 'P', 'custom_sampler': False}, 'deploy': True, 'device': 'cuda:3', 'is_multihead': False, 'eval_at_epoch': False}",1aqs0xdo
